Well Name,Brome
Well ID,03030011
Latitude,45.182282
Longitude,-72.577841
Elevation,200.83
Nappe,Captive
Influenced,Non

Time,Year,Month,Day,Water level (masl),Water temperature (degC)
40508.0,2010,11,26,199.29,8.18
40509.0,2010,11,27,199.56,8.3
40510.0,2010,11,28,199.49,8.33
40511.0,2010,11,29,199.45,8.35
40512.0,2010,11,30,199.47,8.36
40513.0,2010,12,1,199.45,8.37
40514.0,2010,12,2,199.55,8.37
40515.0,2010,12,3,199.52,8.39
40516.0,2010,12,4,199.61,8.4
40517.0,2010,12,5,199.58,8.41
40518.0,2010,12,6,199.48,8.41
40519.0,2010,12,7,199.59,8.41
40520.0,2010,12,8,199.6,8.42
40521.0,2010,12,9,199.57,8.42
40522.0,2010,12,10,199.49,8.42
40523.0,2010,12,11,199.55,8.43
40524.0,2010,12,12,199.56,8.42
40525.0,2010,12,13,199.5,8.42
40526.0,2010,12,14,199.61,8.42
40527.0,2010,12,15,199.65,8.43
40528.0,2010,12,16,199.59,8.43
40529.0,2010,12,17,199.61,8.43
40530.0,2010,12,18,199.59,8.43
40531.0,2010,12,19,199.47,8.42
40532.0,2010,12,20,199.44,8.41
40533.0,2010,12,21,199.55,8.42
40534.0,2010,12,22,199.54,8.41
40535.0,2010,12,23,199.57,8.41
40536.0,2010,12,24,199.5,8.39
40537.0,2010,12,25,199.53,8.38
40538.0,2010,12,26,199.48,8.37
40539.0,2010,12,27,199.38,8.34
40540.0,2010,12,28,199.54,8.35
40541.0,2010,12,29,199.42,8.29
40542.0,2010,12,30,199.5,8.29
40543.0,2010,12,31,199.5,8.25
40544.0,2011,1,1,199.39,8.25
40545.0,2011,1,2,199.47,8.23
40546.0,2011,1,3,199.44,8.21
40547.0,2011,1,4,199.48,8.19
40548.0,2011,1,5,199.53,8.15
40549.0,2011,1,6,199.55,8.14
40550.0,2011,1,7,199.44,8.13
40551.0,2011,1,8,199.56,8.11
40552.0,2011,1,9,199.56,8.08
40553.0,2011,1,10,199.46,8.09
40554.0,2011,1,11,199.51,8.07
40555.0,2011,1,12,199.47,8.06
40556.0,2011,1,13,199.46,8.04
40557.0,2011,1,14,199.45,8.03
40558.0,2011,1,15,199.48,8.01
40559.0,2011,1,16,199.45,8.0
40560.0,2011,1,17,199.32,8.01
40561.0,2011,1,18,199.39,7.99
40562.0,2011,1,19,199.49,7.97
40563.0,2011,1,20,199.34,7.96
40564.0,2011,1,21,199.39,7.95
40565.0,2011,1,22,199.49,7.93
40566.0,2011,1,23,199.32,7.94
40567.0,2011,1,24,199.29,7.93
40568.0,2011,1,25,199.45,7.92
40569.0,2011,1,26,199.47,7.91
40570.0,2011,1,27,199.45,7.89
40571.0,2011,1,28,199.47,7.88
40572.0,2011,1,29,199.43,7.88
40573.0,2011,1,30,199.34,7.87
40574.0,2011,1,31,199.29,7.86
40575.0,2011,2,1,199.35,7.86
40576.0,2011,2,2,199.28,7.85
40577.0,2011,2,3,199.42,7.83
40578.0,2011,2,4,199.38,7.82
40579.0,2011,2,5,199.35,7.81
40580.0,2011,2,6,199.4,7.8
40581.0,2011,2,7,199.43,7.8
40582.0,2011,2,8,199.45,7.78
40583.0,2011,2,9,199.51,7.76
40584.0,2011,2,10,199.47,7.75
40585.0,2011,2,11,199.43,7.74
40586.0,2011,2,12,199.51,7.73
40587.0,2011,2,13,199.33,7.72
40588.0,2011,2,14,199.48,7.7
40589.0,2011,2,15,199.46,7.71
40590.0,2011,2,16,199.46,7.68
40591.0,2011,2,17,199.54,7.67
40592.0,2011,2,18,199.46,7.67
40593.0,2011,2,19,199.58,7.62
40594.0,2011,2,20,199.57,7.62
40595.0,2011,2,21,199.51,7.59
40596.0,2011,2,22,199.57,7.6
40597.0,2011,2,23,199.62,7.59
40598.0,2011,2,24,199.58,7.58
40599.0,2011,2,25,199.58,7.56
40600.0,2011,2,26,199.56,7.56
40601.0,2011,2,27,199.54,7.55
40602.0,2011,2,28,199.5,7.51
40603.0,2011,3,1,199.48,7.52
40604.0,2011,3,2,199.56,7.51
40605.0,2011,3,3,199.51,7.5
40606.0,2011,3,4,199.51,7.45
40607.0,2011,3,5,199.46,7.45
40608.0,2011,3,6,199.53,7.46
40609.0,2011,3,7,199.49,7.44
40610.0,2011,3,8,199.65,7.45
40611.0,2011,3,9,199.63,7.36
40612.0,2011,3,10,199.66,7.42
40613.0,2011,3,11,199.69,7.41
40614.0,2011,3,12,199.64,7.36
40615.0,2011,3,13,199.72,7.34
40616.0,2011,3,14,199.62,7.36
40617.0,2011,3,15,199.71,7.31
40618.0,2011,3,16,199.7,7.32
40619.0,2011,3,17,199.64,7.32
40620.0,2011,3,18,199.63,7.26
40621.0,2011,3,19,199.64,7.31
40622.0,2011,3,20,199.61,7.26
40623.0,2011,3,21,199.68,7.27
40624.0,2011,3,22,199.78,7.25
40625.0,2011,3,23,199.77,7.19
40626.0,2011,3,24,199.7,7.21
40627.0,2011,3,25,199.76,7.21
40628.0,2011,3,26,199.66,7.22
40629.0,2011,3,27,199.7,7.21
40630.0,2011,3,28,199.63,7.2
40631.0,2011,3,29,199.66,7.17
40632.0,2011,3,30,199.64,7.18
40633.0,2011,3,31,199.63,7.12
40634.0,2011,4,1,199.63,7.16
40635.0,2011,4,2,199.7,7.09
40636.0,2011,4,3,199.62,7.04
40637.0,2011,4,4,199.67,7.07
40638.0,2011,4,5,199.64,7.07
40639.0,2011,4,6,199.71,7.06
40640.0,2011,4,7,199.73,7.06
40641.0,2011,4,8,199.73,7.06
40642.0,2011,4,9,199.74,7.07
40643.0,2011,4,10,199.69,7.03
40644.0,2011,4,11,199.69,6.99
40645.0,2011,4,12,199.8,7.0
40646.0,2011,4,13,199.72,6.99
40647.0,2011,4,14,199.78,7.0
40648.0,2011,4,15,199.74,6.92
40649.0,2011,4,16,199.73,6.98
40650.0,2011,4,17,199.76,6.94
40651.0,2011,4,18,199.71,6.96
40652.0,2011,4,19,199.72,6.93
40653.0,2011,4,20,199.75,6.92
40654.0,2011,4,21,199.73,6.89
40655.0,2011,4,22,199.76,6.94
40656.0,2011,4,23,199.7,6.88
40657.0,2011,4,24,199.72,6.88
40658.0,2011,4,25,199.71,6.89
40659.0,2011,4,26,199.73,6.82
40660.0,2011,4,27,199.76,6.86
40661.0,2011,4,28,199.77,6.85
40662.0,2011,4,29,199.79,6.82
40663.0,2011,4,30,199.8,6.84
40664.0,2011,5,1,199.7,6.8
40665.0,2011,5,2,199.67,6.83
40666.0,2011,5,3,199.74,6.9
40667.0,2011,5,4,199.7,6.84
40668.0,2011,5,5,199.69,6.83
40669.0,2011,5,6,199.79,6.84
40670.0,2011,5,7,199.75,6.86
40671.0,2011,5,8,199.73,6.84
40672.0,2011,5,9,199.69,6.87
40673.0,2011,5,10,199.65,6.88
40674.0,2011,5,11,199.66,6.86
40675.0,2011,5,12,199.66,6.84
40676.0,2011,5,13,199.65,6.88
40677.0,2011,5,14,199.62,6.84
40678.0,2011,5,15,199.65,6.84
40679.0,2011,5,16,199.59,6.82
40680.0,2011,5,17,199.72,6.85
40681.0,2011,5,18,199.65,6.84
40682.0,2011,5,19,199.65,6.83
40683.0,2011,5,20,199.71,6.85
40684.0,2011,5,21,199.67,6.86
40685.0,2011,5,22,199.68,6.88
40686.0,2011,5,23,199.64,6.9
40687.0,2011,5,24,199.64,6.9
40688.0,2011,5,25,199.63,6.81
40689.0,2011,5,26,199.64,6.82
40690.0,2011,5,27,199.57,6.89
40691.0,2011,5,28,199.65,6.9
40692.0,2011,5,29,199.7,6.86
40693.0,2011,5,30,199.66,6.86
40694.0,2011,5,31,199.7,6.89
40695.0,2011,6,1,199.61,6.86
40696.0,2011,6,2,199.72,6.86
40697.0,2011,6,3,199.61,6.87
40698.0,2011,6,4,199.64,6.88
40699.0,2011,6,5,199.55,6.94
40700.0,2011,6,6,199.52,6.9
40701.0,2011,6,7,199.53,6.89
40702.0,2011,6,8,199.48,6.94
40703.0,2011,6,9,199.51,6.88
40704.0,2011,6,10,199.46,6.95
40705.0,2011,6,11,199.41,6.94
40706.0,2011,6,12,199.41,6.9
40707.0,2011,6,13,199.33,6.92
40708.0,2011,6,14,199.46,6.91
40709.0,2011,6,15,199.44,6.94
40710.0,2011,6,16,199.36,6.93
40711.0,2011,6,17,199.35,6.94
40712.0,2011,6,18,199.31,6.91
40713.0,2011,6,19,199.32,6.96
40714.0,2011,6,20,199.17,6.95
40715.0,2011,6,21,199.32,6.94
40716.0,2011,6,22,199.24,6.95
40717.0,2011,6,23,199.25,6.94
40718.0,2011,6,24,199.28,6.99
40719.0,2011,6,25,199.28,6.98
40720.0,2011,6,26,199.17,6.95
40721.0,2011,6,27,199.29,7.0
40722.0,2011,6,28,199.41,6.99
40723.0,2011,6,29,199.36,6.99
40724.0,2011,6,30,199.4,6.98
40725.0,2011,7,1,199.43,7.0
40726.0,2011,7,2,199.41,7.01
40727.0,2011,7,3,199.46,6.99
40728.0,2011,7,4,199.45,7.03
40729.0,2011,7,5,199.47,7.01
40730.0,2011,7,6,199.41,7.0
40731.0,2011,7,7,199.48,6.99
40732.0,2011,7,8,199.47,7.03
40733.0,2011,7,9,199.43,7.0
40734.0,2011,7,10,199.42,7.01
40735.0,2011,7,11,199.42,7.05
40736.0,2011,7,12,199.47,7.04
40737.0,2011,7,13,199.45,7.05
40738.0,2011,7,14,199.38,7.04
40739.0,2011,7,15,199.49,7.05
40740.0,2011,7,16,199.38,7.05
40741.0,2011,7,17,199.42,7.04
40742.0,2011,7,18,199.38,7.03
40743.0,2011,7,19,199.36,7.06
40744.0,2011,7,20,199.36,7.07
40745.0,2011,7,21,199.24,7.05
40746.0,2011,7,22,199.34,7.05
40747.0,2011,7,23,199.39,7.08
40748.0,2011,7,24,199.41,7.08
40749.0,2011,7,25,199.42,7.07
40750.0,2011,7,26,199.48,7.08
40751.0,2011,7,27,199.43,7.08
40752.0,2011,7,28,199.41,7.1
40753.0,2011,7,29,199.39,7.09
40754.0,2011,7,30,199.43,7.1
40755.0,2011,7,31,199.44,7.1
40756.0,2011,8,1,199.49,7.11
40757.0,2011,8,2,199.46,7.11
40758.0,2011,8,3,199.49,7.13
40759.0,2011,8,4,199.42,7.13
40760.0,2011,8,5,199.33,7.13
40761.0,2011,8,6,199.34,7.14
40762.0,2011,8,7,199.37,7.14
40763.0,2011,8,8,199.37,7.14
40764.0,2011,8,9,199.44,7.15
40765.0,2011,8,10,199.45,7.15
40766.0,2011,8,11,199.36,7.16
40767.0,2011,8,12,199.4,7.16
40768.0,2011,8,13,199.47,7.17
40769.0,2011,8,14,199.38,7.17
40770.0,2011,8,15,199.4,7.18
40771.0,2011,8,16,199.5,7.18
40772.0,2011,8,17,199.44,7.19
40773.0,2011,8,18,199.51,7.2
40774.0,2011,8,19,199.51,7.2
40775.0,2011,8,20,199.52,7.2
40776.0,2011,8,21,199.45,7.21
40777.0,2011,8,22,199.41,7.21
40778.0,2011,8,23,199.54,7.21
40779.0,2011,8,24,199.48,7.22
40780.0,2011,8,25,199.57,7.23
40781.0,2011,8,26,199.58,7.23
40782.0,2011,8,27,199.55,7.23
40783.0,2011,8,28,199.56,7.24
40784.0,2011,8,29,199.69,7.24
40785.0,2011,8,30,199.59,7.25
40786.0,2011,8,31,199.63,7.25
40787.0,2011,9,1,199.69,7.26
40788.0,2011,9,2,199.67,7.26
40789.0,2011,9,3,199.71,7.26
40790.0,2011,9,4,199.57,7.27
40791.0,2011,9,5,199.59,7.28
40792.0,2011,9,6,199.71,7.29
40793.0,2011,9,7,199.73,7.3
40794.0,2011,9,8,199.71,7.31
40795.0,2011,9,9,199.75,7.32
40796.0,2011,9,10,199.77,7.33
40797.0,2011,9,11,199.68,7.34
40798.0,2011,9,12,199.64,7.34
40799.0,2011,9,13,199.7,7.35
40800.0,2011,9,14,199.62,7.36
40801.0,2011,9,15,199.68,7.38
40802.0,2011,9,16,199.68,7.39
40803.0,2011,9,17,199.7,7.4
40804.0,2011,9,18,199.66,7.41
40805.0,2011,9,19,199.61,7.41
40806.0,2011,9,20,199.66,7.42
40807.0,2011,9,21,199.68,7.44
40808.0,2011,9,22,199.61,7.44
40809.0,2011,9,23,199.7,7.46
40810.0,2011,9,24,199.66,7.47
40811.0,2011,9,25,199.58,7.48
40812.0,2011,9,26,199.58,7.48
40813.0,2011,9,27,199.69,7.5
40814.0,2011,9,28,199.64,7.52
40815.0,2011,9,29,199.55,7.53
40816.0,2011,9,30,199.58,7.54
40817.0,2011,10,1,199.61,7.55
40818.0,2011,10,2,199.69,7.56
40819.0,2011,10,3,199.6,7.56
40820.0,2011,10,4,199.64,7.58
40821.0,2011,10,5,199.73,7.59
40822.0,2011,10,6,199.7,7.6
40823.0,2011,10,7,199.68,7.61
40824.0,2011,10,8,199.73,7.62
40825.0,2011,10,9,199.69,7.63
40826.0,2011,10,10,199.61,7.64
40827.0,2011,10,11,199.65,7.66
40828.0,2011,10,12,199.59,7.67
40829.0,2011,10,13,199.65,7.68
40830.0,2011,10,14,199.66,7.7
40831.0,2011,10,15,199.62,7.71
40832.0,2011,10,16,199.66,7.71
40833.0,2011,10,17,199.65,7.72
40834.0,2011,10,18,199.75,7.74
40835.0,2011,10,19,199.72,7.75
40836.0,2011,10,20,199.68,7.76
40837.0,2011,10,21,199.69,7.77
40838.0,2011,10,22,199.74,7.78
40839.0,2011,10,23,199.62,7.78
40840.0,2011,10,24,199.58,7.79
40841.0,2011,10,25,199.7,7.81
40842.0,2011,10,26,199.61,7.82
40843.0,2011,10,27,199.62,7.83
40844.0,2011,10,28,199.65,7.85
40845.0,2011,10,29,199.63,7.85
40846.0,2011,10,30,199.7,7.87
40847.0,2011,10,31,199.71,7.89
40848.0,2011,11,1,199.71,7.89
40849.0,2011,11,2,199.72,7.91
40850.0,2011,11,3,199.73,7.91
40851.0,2011,11,4,199.72,7.92
40852.0,2011,11,5,199.69,7.93
40853.0,2011,11,6,199.68,7.94
40854.0,2011,11,7,199.68,7.95
40855.0,2011,11,8,199.67,7.97
40856.0,2011,11,9,199.66,7.98
40857.0,2011,11,10,199.66,7.99
40858.0,2011,11,11,199.66,8.0
40859.0,2011,11,12,199.65,8.01
40860.0,2011,11,13,199.64,8.02
40861.0,2011,11,14,199.65,8.02
40862.0,2011,11,15,199.66,8.03
40863.0,2011,11,16,199.65,8.04
40864.0,2011,11,17,199.66,8.05
40865.0,2011,11,18,199.66,8.06
40866.0,2011,11,19,199.64,8.07
40867.0,2011,11,20,199.62,8.07
40868.0,2011,11,21,199.59,8.08
40869.0,2011,11,22,199.58,8.09
40870.0,2011,11,23,199.61,8.1
40871.0,2011,11,24,199.62,8.11
40872.0,2011,11,25,199.59,8.13
40873.0,2011,11,26,199.46,8.13
40874.0,2011,11,27,199.42,8.15
40875.0,2011,11,28,199.57,8.14
40876.0,2011,11,29,199.64,8.15
40877.0,2011,11,30,199.69,8.15
40878.0,2011,12,1,199.7,8.16
40879.0,2011,12,2,199.69,8.17
40880.0,2011,12,3,199.64,8.18
40881.0,2011,12,4,199.54,8.18
40882.0,2011,12,5,199.6,8.18
40883.0,2011,12,6,199.68,8.19
40884.0,2011,12,7,199.71,8.2
40885.0,2011,12,8,199.74,8.21
40886.0,2011,12,9,199.69,8.22
40887.0,2011,12,10,199.63,8.22
40888.0,2011,12,11,199.63,8.23
40889.0,2011,12,12,199.61,8.23
40890.0,2011,12,13,199.69,8.24
40891.0,2011,12,14,199.7,8.24
40892.0,2011,12,15,199.72,8.24
40893.0,2011,12,16,199.76,8.25
40894.0,2011,12,17,199.64,8.26
40895.0,2011,12,18,199.63,8.25
40896.0,2011,12,19,199.67,8.25
40897.0,2011,12,20,199.75,8.26
40898.0,2011,12,21,199.73,8.26
40899.0,2011,12,22,199.74,8.26
40900.0,2011,12,23,199.71,8.27
40901.0,2011,12,24,199.7,8.27
40902.0,2011,12,25,199.7,8.27
40903.0,2011,12,26,199.66,8.27
40904.0,2011,12,27,199.6,8.26
40905.0,2011,12,28,199.69,8.25
40906.0,2011,12,29,199.66,8.26
40907.0,2011,12,30,199.59,8.24
40908.0,2011,12,31,199.5,8.23
40909.0,2012,1,1,199.57,8.22
40910.0,2012,1,2,199.49,8.21
40911.0,2012,1,3,199.58,8.19
40912.0,2012,1,4,199.69,8.15
40913.0,2012,1,5,199.72,8.13
40914.0,2012,1,6,199.71,8.1
40915.0,2012,1,7,199.67,8.08
40916.0,2012,1,8,199.52,8.08
40917.0,2012,1,9,199.57,8.06
40918.0,2012,1,10,199.67,8.04
40919.0,2012,1,11,199.67,8.02
40920.0,2012,1,12,199.67,8.0
40921.0,2012,1,13,199.7,7.99
40922.0,2012,1,14,199.67,7.97
40923.0,2012,1,15,199.46,7.96
40924.0,2012,1,16,199.55,7.95
40925.0,2012,1,17,199.66,7.93
40926.0,2012,1,18,199.69,7.92
40927.0,2012,1,19,199.64,7.9
40928.0,2012,1,20,199.65,7.89
40929.0,2012,1,21,199.57,7.87
40930.0,2012,1,22,199.46,7.86
40931.0,2012,1,23,199.53,7.86
40932.0,2012,1,24,199.62,7.85
40933.0,2012,1,25,199.62,7.83
40934.0,2012,1,26,199.63,7.81
40935.0,2012,1,27,199.67,7.8
40936.0,2012,1,28,199.64,7.79
40937.0,2012,1,29,199.56,7.78
40938.0,2012,1,30,199.57,7.77
40939.0,2012,1,31,199.67,7.75
40940.0,2012,2,1,199.71,7.74
40941.0,2012,2,2,199.7,7.73
40942.0,2012,2,3,199.69,7.72
40943.0,2012,2,4,199.63,7.7
40944.0,2012,2,5,199.44,7.69
40945.0,2012,2,6,199.6,7.69
40946.0,2012,2,7,199.66,7.68
40947.0,2012,2,8,199.64,7.66
40948.0,2012,2,9,199.66,7.65
40949.0,2012,2,10,199.66,7.64
40950.0,2012,2,11,199.63,7.63
40951.0,2012,2,12,199.55,7.62
40952.0,2012,2,13,199.56,7.62
40953.0,2012,2,14,199.61,7.6
40954.0,2012,2,15,199.6,7.58
40955.0,2012,2,16,199.58,7.59
40956.0,2012,2,17,199.6,7.56
40957.0,2012,2,18,199.57,7.56
40958.0,2012,2,19,199.51,7.55
40959.0,2012,2,20,199.54,7.54
40960.0,2012,2,21,199.59,7.5
40961.0,2012,2,22,199.62,7.51
40962.0,2012,2,23,199.64,7.48
40963.0,2012,2,24,199.58,7.47
40964.0,2012,2,25,199.55,7.49
40965.0,2012,2,26,199.41,7.45
40966.0,2012,2,27,199.55,7.45
40967.0,2012,2,28,199.64,7.44
40968.0,2012,2,29,199.63,7.4
40969.0,2012,3,1,199.65,7.41
40970.0,2012,3,2,199.65,7.38
40971.0,2012,3,3,199.65,7.37
40972.0,2012,3,4,199.65,7.35
40973.0,2012,3,5,199.64,7.34
40974.0,2012,3,6,199.61,7.32
40975.0,2012,3,7,199.62,7.34
40976.0,2012,3,8,199.64,7.29
40977.0,2012,3,9,199.65,7.28
40978.0,2012,3,10,199.5,7.29
40979.0,2012,3,11,199.49,7.27
40980.0,2012,3,12,199.52,7.28
40981.0,2012,3,13,199.7,7.24
40982.0,2012,3,14,199.76,7.22
40983.0,2012,3,15,199.81,7.2
40984.0,2012,3,16,199.8,7.19
40985.0,2012,3,17,199.77,7.18
40986.0,2012,3,18,199.67,7.14
40987.0,2012,3,19,199.79,7.17
40988.0,2012,3,20,199.85,7.12
40989.0,2012,3,21,199.86,7.1
40990.0,2012,3,22,199.86,7.11
40991.0,2012,3,23,199.86,7.1
40992.0,2012,3,24,199.85,7.07
40993.0,2012,3,25,199.8,7.1
40994.0,2012,3,26,199.83,7.05
40995.0,2012,3,27,199.82,7.06
40996.0,2012,3,28,199.82,7.06
40997.0,2012,3,29,199.83,7.05
40998.0,2012,3,30,199.81,7.03
40999.0,2012,3,31,199.76,7.02
41000.0,2012,4,1,199.72,7.05
41001.0,2012,4,2,199.72,7.0
41002.0,2012,4,3,199.76,6.98
41003.0,2012,4,4,199.76,7.0
41004.0,2012,4,5,199.75,6.97
41005.0,2012,4,6,199.69,6.99
41006.0,2012,4,7,199.55,6.97
41007.0,2012,4,8,199.49,6.98
41008.0,2012,4,9,199.59,6.96
41009.0,2012,4,10,199.71,7.0
41010.0,2012,4,11,199.74,6.92
41011.0,2012,4,12,199.76,6.98
41012.0,2012,4,13,199.77,6.92
41013.0,2012,4,14,199.73,6.92
41014.0,2012,4,15,199.6,6.91
41015.0,2012,4,16,199.68,6.95
41016.0,2012,4,17,199.73,6.92
41017.0,2012,4,18,199.71,6.88
41018.0,2012,4,19,199.68,6.92
41019.0,2012,4,20,199.65,6.91
41020.0,2012,4,21,199.65,6.96
41021.0,2012,4,22,199.51,6.93
41022.0,2012,4,23,199.49,6.87
41023.0,2012,4,24,199.69,6.93
41024.0,2012,4,25,199.68,6.88
41025.0,2012,4,26,199.66,6.91
41026.0,2012,4,27,199.72,6.87
41027.0,2012,4,28,199.72,6.93
41028.0,2012,4,29,199.6,6.95
41029.0,2012,4,30,199.74,6.95
41030.0,2012,5,1,199.77,6.9
41031.0,2012,5,2,199.78,6.89
41032.0,2012,5,3,199.78,6.91
41033.0,2012,5,4,199.78,6.91
41034.0,2012,5,5,199.72,6.91
41035.0,2012,5,6,199.64,6.91
41036.0,2012,5,7,199.46,6.88
41037.0,2012,5,8,199.7,6.94
41038.0,2012,5,9,199.73,6.92
41039.0,2012,5,10,199.75,6.92
41040.0,2012,5,11,199.71,6.91
41041.0,2012,5,12,199.54,6.92
41042.0,2012,5,13,199.54,6.93
41043.0,2012,5,14,199.54,6.92
41044.0,2012,5,15,199.7,6.93
41045.0,2012,5,16,199.74,6.92
41046.0,2012,5,17,199.76,6.95
41047.0,2012,5,18,199.76,6.94
41048.0,2012,5,19,199.74,6.91
41049.0,2012,5,20,199.5,6.96
41050.0,2012,5,21,199.43,6.94
41051.0,2012,5,22,199.38,6.96
41052.0,2012,5,23,199.62,6.95
41053.0,2012,5,24,199.66,6.95
41054.0,2012,5,25,199.68,6.95
41055.0,2012,5,26,199.61,6.95
41056.0,2012,5,27,199.5,6.96
41057.0,2012,5,28,199.49,6.97
41058.0,2012,5,29,199.64,6.96
41059.0,2012,5,30,199.73,6.98
41060.0,2012,5,31,199.76,6.95
41061.0,2012,6,1,199.72,6.94
41062.0,2012,6,2,199.77,6.98
41063.0,2012,6,3,199.8,6.98
41064.0,2012,6,4,199.81,6.98
41065.0,2012,6,5,199.8,7.01
41066.0,2012,6,6,199.79,7.01
41067.0,2012,6,7,199.77,7.0
41068.0,2012,6,8,199.72,6.98
41069.0,2012,6,9,199.63,7.02
41070.0,2012,6,10,199.44,7.0
41071.0,2012,6,11,199.46,6.98
41072.0,2012,6,12,199.65,7.02
41073.0,2012,6,13,199.66,7.02
41074.0,2012,6,14,199.65,7.04
41075.0,2012,6,15,199.64,7.01
41076.0,2012,6,16,199.58,7.03
41077.0,2012,6,17,199.37,7.04
41078.0,2012,6,18,199.4,7.03
41079.0,2012,6,19,199.53,7.01
41080.0,2012,6,20,199.52,7.05
41081.0,2012,6,21,199.5,7.05
41082.0,2012,6,22,199.44,7.05
41083.0,2012,6,23,199.25,7.04
41084.0,2012,6,24,199.17,7.03
41085.0,2012,6,25,199.13,7.03
41086.0,2012,6,26,199.1,7.05
41087.0,2012,6,27,199.35,7.05
41088.0,2012,6,28,199.45,7.05
41089.0,2012,6,29,199.54,7.05
41090.0,2012,6,30,199.32,7.08
41091.0,2012,7,1,199.58,7.07
41092.0,2012,7,2,199.61,7.07
41093.0,2012,7,3,199.63,7.06
41094.0,2012,7,4,199.65,7.08
41095.0,2012,7,5,199.68,7.07
41096.0,2012,7,6,199.71,7.07
41097.0,2012,7,7,199.72,7.08
41098.0,2012,7,8,199.72,7.08
41099.0,2012,7,9,199.7,7.08
41100.0,2012,7,10,199.67,7.1
41101.0,2012,7,11,199.64,7.1
41102.0,2012,7,12,199.61,7.1
41103.0,2012,7,13,199.52,7.09
41104.0,2012,7,14,199.39,7.11
41105.0,2012,7,15,199.38,7.11
41106.0,2012,7,16,199.37,7.11
41107.0,2012,7,17,199.43,7.11
41108.0,2012,7,18,199.45,7.11
41109.0,2012,7,19,199.48,7.13
41110.0,2012,7,20,199.52,7.13
41111.0,2012,7,21,199.29,7.13
41112.0,2012,7,22,199.22,7.13
41113.0,2012,7,23,199.1,7.14
41114.0,2012,7,24,199.17,7.14
41115.0,2012,7,25,199.21,7.15
41116.0,2012,7,26,199.08,7.15
41117.0,2012,7,27,199.09,7.15
41118.0,2012,7,28,199.22,7.16
41119.0,2012,7,29,199.07,7.16
41120.0,2012,7,30,199.09,7.17
41121.0,2012,7,31,199.13,7.17
41122.0,2012,8,1,198.96,7.17
41123.0,2012,8,2,199.09,7.18
41124.0,2012,8,3,199.16,7.18
41125.0,2012,8,4,199.15,7.18
41126.0,2012,8,5,198.84,7.19
41127.0,2012,8,6,199.11,7.19
41128.0,2012,8,7,199.22,7.19
41129.0,2012,8,8,199.22,7.2
41130.0,2012,8,9,199.2,7.2
41131.0,2012,8,10,199.21,7.21
41132.0,2012,8,11,199.14,7.21
41133.0,2012,8,12,198.89,7.21
41134.0,2012,8,13,198.98,7.22
41135.0,2012,8,14,199.26,7.22
41136.0,2012,8,15,199.29,7.23
41137.0,2012,8,16,199.3,7.24
41138.0,2012,8,17,199.26,7.25
41139.0,2012,8,18,199.11,7.26
41140.0,2012,8,19,199.07,7.26
41141.0,2012,8,20,199.07,7.27
41142.0,2012,8,21,199.21,7.28
41143.0,2012,8,22,199.2,7.29
41144.0,2012,8,23,199.19,7.3
41145.0,2012,8,24,199.14,7.31
41146.0,2012,8,25,198.94,7.32
41147.0,2012,8,26,198.92,7.33
41148.0,2012,8,27,198.88,7.34
41149.0,2012,8,28,199.04,7.34
41150.0,2012,8,29,199.06,7.35
41151.0,2012,8,30,199.1,7.37
41152.0,2012,8,31,199.06,7.38
41153.0,2012,9,1,198.98,7.39
41154.0,2012,9,2,198.74,7.41
41155.0,2012,9,3,198.75,7.41
41156.0,2012,9,4,198.58,7.43
41157.0,2012,9,5,198.97,7.42
41158.0,2012,9,6,199.09,7.44
41159.0,2012,9,7,199.2,7.45
41160.0,2012,9,8,199.27,7.46
41161.0,2012,9,9,199.24,7.47
41162.0,2012,9,10,199.19,7.49
41163.0,2012,9,11,199.38,7.49
41164.0,2012,9,12,199.4,7.51
41165.0,2012,9,13,199.4,7.52
41166.0,2012,9,14,199.4,7.54
41167.0,2012,9,15,199.33,7.55
41168.0,2012,9,16,199.18,7.56
41169.0,2012,9,17,199.15,7.57
41170.0,2012,9,18,199.32,7.58
41171.0,2012,9,19,199.37,7.59
41172.0,2012,9,20,199.4,7.6
41173.0,2012,9,21,199.42,7.62
41174.0,2012,9,22,199.34,7.63
41175.0,2012,9,23,199.32,7.64
41176.0,2012,9,24,199.29,7.66
41177.0,2012,9,25,199.49,7.66
41178.0,2012,9,26,199.49,7.68
41179.0,2012,9,27,199.49,7.69
41180.0,2012,9,28,199.49,7.7
41181.0,2012,9,29,199.46,7.72
41182.0,2012,9,30,199.32,7.72
41183.0,2012,10,1,199.34,7.74
41184.0,2012,10,2,199.56,7.75
41185.0,2012,10,3,199.6,7.76
41186.0,2012,10,4,199.62,7.78
41187.0,2012,10,5,199.6,7.79
41188.0,2012,10,6,199.37,7.81
41189.0,2012,10,7,199.41,7.82
41190.0,2012,10,8,199.41,7.82
41191.0,2012,10,9,199.45,7.83
41192.0,2012,10,10,199.66,7.84
41193.0,2012,10,11,199.69,7.86
41194.0,2012,10,12,199.68,7.87
41195.0,2012,10,13,199.6,7.89
41196.0,2012,10,14,199.51,7.89
41197.0,2012,10,15,199.42,7.91
41198.0,2012,10,16,199.65,7.92
41199.0,2012,10,17,199.67,7.94
41200.0,2012,10,18,199.68,7.95
41201.0,2012,10,19,199.68,7.96
41202.0,2012,10,20,199.67,7.97
41203.0,2012,10,21,199.58,7.98
41204.0,2012,10,22,199.53,7.99
41205.0,2012,10,23,199.72,7.99
41206.0,2012,10,24,199.73,8.01
41207.0,2012,10,25,199.72,8.02
41208.0,2012,10,26,199.69,8.03
41209.0,2012,10,27,199.64,8.05
41210.0,2012,10,28,199.5,8.06
41211.0,2012,10,29,199.31,8.06
41212.0,2012,10,30,199.62,8.07
41213.0,2012,10,31,199.65,8.09
41214.0,2012,11,1,199.67,8.1
41215.0,2012,11,2,199.69,8.11
41216.0,2012,11,3,199.62,8.13
41217.0,2012,11,4,199.45,8.12
41218.0,2012,11,5,199.49,8.14
41219.0,2012,11,6,199.69,8.14
41220.0,2012,11,7,199.71,8.15
41221.0,2012,11,8,199.72,8.16
41222.0,2012,11,9,199.66,8.18
41223.0,2012,11,10,199.55,8.19
41224.0,2012,11,11,199.47,8.2
41225.0,2012,11,12,199.41,8.21
41226.0,2012,11,13,199.6,8.21
41227.0,2012,11,14,199.62,8.22
41228.0,2012,11,15,199.65,8.23
41229.0,2012,11,16,199.68,8.24
41230.0,2012,11,17,199.63,8.25
41231.0,2012,11,18,199.52,8.26
41232.0,2012,11,19,199.49,8.25
41233.0,2012,11,20,199.66,8.26
41234.0,2012,11,21,199.67,8.27
41235.0,2012,11,22,199.66,8.28
41236.0,2012,11,23,199.6,8.3
41237.0,2012,11,24,199.46,8.3
41238.0,2012,11,25,199.44,8.32
41239.0,2012,11,26,199.41,8.32
41240.0,2012,11,27,199.58,8.31
41241.0,2012,11,28,199.62,8.32
41242.0,2012,11,29,199.64,8.32
41243.0,2012,11,30,199.64,8.33
41244.0,2012,12,1,199.56,8.35
41245.0,2012,12,2,199.43,8.36
41246.0,2012,12,3,199.39,8.35
41247.0,2012,12,4,199.63,8.34
41248.0,2012,12,5,199.7,8.35
41249.0,2012,12,6,199.73,8.35
41250.0,2012,12,7,199.72,8.36
41251.0,2012,12,8,199.56,8.38
41252.0,2012,12,9,199.62,8.36
41253.0,2012,12,10,199.5,8.39
41254.0,2012,12,11,199.72,8.38
41255.0,2012,12,12,199.73,8.39
41256.0,2012,12,13,199.74,8.39
41257.0,2012,12,14,199.76,8.39
41258.0,2012,12,15,199.72,8.4
41259.0,2012,12,16,199.62,8.39
41260.0,2012,12,17,199.5,8.39
41261.0,2012,12,18,199.72,8.38
41262.0,2012,12,19,199.76,8.38
41263.0,2012,12,20,199.74,8.37
41264.0,2012,12,21,199.72,8.37
41265.0,2012,12,22,199.7,8.36
41266.0,2012,12,23,199.64,8.35
41267.0,2012,12,24,199.6,8.33
41268.0,2012,12,25,199.68,8.31
41269.0,2012,12,26,199.72,8.28
41270.0,2012,12,27,199.73,8.25
41271.0,2012,12,28,199.56,8.24
41272.0,2012,12,29,199.49,8.23
41273.0,2012,12,30,199.45,8.22
41274.0,2012,12,31,199.53,8.21
41275.0,2013,1,1,199.5,8.18
41276.0,2013,1,2,199.52,8.17
41277.0,2013,1,3,199.42,8.16
41278.0,2013,1,4,199.61,8.14
41279.0,2013,1,5,199.52,8.12
41280.0,2013,1,6,199.54,8.1
41281.0,2013,1,7,199.41,8.08
41282.0,2013,1,8,199.61,8.07
41283.0,2013,1,9,199.62,8.05
41284.0,2013,1,10,199.64,8.02
41285.0,2013,1,11,199.61,8.0
41286.0,2013,1,12,199.61,7.99
41287.0,2013,1,13,199.47,7.98
41288.0,2013,1,14,199.46,7.97
41289.0,2013,1,15,199.66,7.95
41290.0,2013,1,16,199.72,7.92
41291.0,2013,1,17,199.77,7.89
41292.0,2013,1,18,199.74,7.88
41293.0,2013,1,19,199.68,7.86
41294.0,2013,1,20,199.39,7.86
41295.0,2013,1,21,199.47,7.85
41296.0,2013,1,22,199.68,7.84
41297.0,2013,1,23,199.68,7.82
41298.0,2013,1,24,199.67,7.8
41299.0,2013,1,25,199.65,7.79
41300.0,2013,1,26,199.65,7.78
41301.0,2013,1,27,199.54,7.77
41302.0,2013,1,28,199.36,7.77
41303.0,2013,1,29,199.59,7.76
41304.0,2013,1,30,199.6,7.75
41305.0,2013,1,31,199.63,7.73
41306.0,2013,2,1,199.62,7.73
41307.0,2013,2,2,199.49,7.71
41308.0,2013,2,3,199.47,7.7
41309.0,2013,2,4,199.49,7.69
41310.0,2013,2,5,199.68,7.68
41311.0,2013,2,6,199.69,7.66
41312.0,2013,2,7,199.67,7.65
41313.0,2013,2,8,199.63,7.64
41314.0,2013,2,9,199.53,7.63
41315.0,2013,2,10,199.46,7.62
41316.0,2013,2,11,199.41,7.61
41317.0,2013,2,12,199.62,7.59
41318.0,2013,2,13,199.63,7.58
41319.0,2013,2,14,199.63,7.57
41320.0,2013,2,15,199.62,7.56
41321.0,2013,2,16,199.59,7.54
41322.0,2013,2,17,199.49,7.54
41323.0,2013,2,18,199.37,7.53
41324.0,2013,2,19,199.57,7.51
41325.0,2013,2,20,199.6,7.48
41326.0,2013,2,21,199.6,7.48
41327.0,2013,2,22,199.57,7.44
41328.0,2013,2,23,199.52,7.43
41329.0,2013,2,24,199.46,7.42
41330.0,2013,2,25,199.33,7.42
41331.0,2013,2,26,199.55,7.4
41332.0,2013,2,27,199.58,7.38
41333.0,2013,2,28,199.62,7.38
41334.0,2013,3,1,199.63,7.35
41335.0,2013,3,2,199.55,7.34
41336.0,2013,3,3,199.38,7.32
41337.0,2013,3,4,199.44,7.35
41338.0,2013,3,5,199.61,7.3
41339.0,2013,3,6,199.61,7.28
41340.0,2013,3,7,199.61,7.28
41341.0,2013,3,8,199.59,7.29
41342.0,2013,3,9,199.39,7.24
41343.0,2013,3,10,199.43,7.22
41344.0,2013,3,11,199.38,7.23
41345.0,2013,3,12,199.64,7.2
41346.0,2013,3,13,199.71,7.19
41347.0,2013,3,14,199.75,7.17
41348.0,2013,3,15,199.62,7.18
41349.0,2013,3,16,199.67,7.13
41350.0,2013,3,17,199.47,7.15
41351.0,2013,3,18,199.59,7.09
41352.0,2013,3,19,199.76,7.15
41353.0,2013,3,20,199.8,7.09
41354.0,2013,3,21,199.8,7.08
41355.0,2013,3,22,199.74,7.07
41356.0,2013,3,23,199.65,7.08
41357.0,2013,3,24,199.48,7.05
41358.0,2013,3,25,199.52,7.05
41359.0,2013,3,26,199.71,7.02
41360.0,2013,3,27,199.73,6.99
41361.0,2013,3,28,199.73,6.99
41362.0,2013,3,29,199.7,6.97
41363.0,2013,3,30,199.65,6.99
41364.0,2013,3,31,199.47,6.97
41365.0,2013,4,1,199.53,6.95
41366.0,2013,4,2,199.77,6.94
41367.0,2013,4,3,199.8,6.88
41368.0,2013,4,4,199.79,6.93
41369.0,2013,4,5,199.8,6.86
41370.0,2013,4,6,199.72,6.86
41371.0,2013,4,7,199.61,6.86
41372.0,2013,4,8,199.58,6.89
41373.0,2013,4,9,199.75,6.84
41374.0,2013,4,10,199.8,6.84
41375.0,2013,4,11,199.82,6.79
41376.0,2013,4,12,199.82,6.79
41377.0,2013,4,13,199.74,6.77
41378.0,2013,4,14,199.62,6.77
41379.0,2013,4,15,199.58,6.75
41380.0,2013,4,16,199.79,6.75
41381.0,2013,4,17,199.82,6.74
41382.0,2013,4,18,199.82,6.74
41383.0,2013,4,19,199.84,6.68
41384.0,2013,4,20,199.78,6.67
41385.0,2013,4,21,199.47,6.7
41386.0,2013,4,22,199.53,6.68
41387.0,2013,4,23,199.77,6.63
41388.0,2013,4,24,199.81,6.7
41389.0,2013,4,25,199.83,6.68
41390.0,2013,4,26,199.8,6.63
41391.0,2013,4,27,199.73,6.62
41392.0,2013,4,28,199.62,6.65
41393.0,2013,4,29,199.48,6.71
41394.0,2013,4,30,199.71,6.7
41395.0,2013,5,1,199.72,6.66
41396.0,2013,5,2,199.71,6.64
41397.0,2013,5,3,199.67,6.62
41398.0,2013,5,4,199.5,6.64
41399.0,2013,5,5,199.41,6.65
41400.0,2013,5,6,199.41,6.63
41401.0,2013,5,7,199.66,6.7
41402.0,2013,5,8,199.66,6.64
41403.0,2013,5,9,199.65,6.62
41404.0,2013,5,10,199.64,6.65
41405.0,2013,5,11,199.62,6.71
41406.0,2013,5,12,199.52,6.64
41407.0,2013,5,13,199.47,6.69
41408.0,2013,5,14,199.62,6.67
41409.0,2013,5,15,199.63,6.71
41410.0,2013,5,16,199.65,6.68
41411.0,2013,5,17,199.55,6.72
41412.0,2013,5,18,199.3,6.7
41413.0,2013,5,19,199.36,6.67
41414.0,2013,5,20,199.25,6.66
41415.0,2013,5,21,199.32,6.68
41416.0,2013,5,22,199.53,6.74
41417.0,2013,5,23,199.59,6.7
41418.0,2013,5,24,199.65,6.71
41419.0,2013,5,25,199.64,6.73
41420.0,2013,5,26,199.61,6.69
41421.0,2013,5,27,199.64,6.74
41422.0,2013,5,28,199.82,6.75
41423.0,2013,5,29,199.84,6.74
41424.0,2013,5,30,199.85,6.72
41425.0,2013,5,31,199.8,6.79
41426.0,2013,6,1,199.71,6.73
41427.0,2013,6,2,199.59,6.77
41428.0,2013,6,3,199.56,6.72
41429.0,2013,6,4,199.75,6.73
41430.0,2013,6,5,199.75,6.76
41431.0,2013,6,6,199.74,6.74
41432.0,2013,6,7,199.73,6.75
41433.0,2013,6,8,199.68,6.78
41434.0,2013,6,9,199.56,6.76
41435.0,2013,6,10,199.44,6.75
41436.0,2013,6,11,199.71,6.72
41437.0,2013,6,12,199.77,6.77
41438.0,2013,6,13,199.79,6.8
41439.0,2013,6,14,199.76,6.77
41440.0,2013,6,15,199.55,6.77
41441.0,2013,6,16,199.63,6.81
41442.0,2013,6,17,199.5,6.76
41443.0,2013,6,18,199.72,6.77
41444.0,2013,6,19,199.74,6.77
41445.0,2013,6,20,199.73,6.78
41446.0,2013,6,21,199.71,6.81
41447.0,2013,6,22,199.6,6.83
41448.0,2013,6,23,199.54,6.83
41449.0,2013,6,24,199.37,6.84
41450.0,2013,6,25,199.38,6.85
41451.0,2013,6,26,199.64,6.8
41452.0,2013,6,27,199.68,6.81
41453.0,2013,6,28,199.62,6.83
41454.0,2013,6,29,199.61,6.82
41455.0,2013,6,30,199.56,6.8
41456.0,2013,7,1,199.46,6.86
41457.0,2013,7,2,199.38,6.84
41458.0,2013,7,3,199.5,6.82
41459.0,2013,7,4,199.64,6.85
41460.0,2013,7,5,199.53,6.86
41461.0,2013,7,6,199.42,6.86
41462.0,2013,7,7,199.4,6.88
41463.0,2013,7,8,199.38,6.87
41464.0,2013,7,9,199.26,6.85
41465.0,2013,7,10,199.37,6.89
41466.0,2013,7,11,199.42,6.88
41467.0,2013,7,12,199.48,6.86
41468.0,2013,7,13,199.43,6.88
41469.0,2013,7,14,199.18,6.88
41470.0,2013,7,15,199.16,6.88
41471.0,2013,7,16,199.34,6.9
41472.0,2013,7,17,199.35,6.89
41473.0,2013,7,18,199.31,6.88
41474.0,2013,7,19,199.33,6.89
41475.0,2013,7,20,199.28,6.91
41476.0,2013,7,21,199.19,6.9
41477.0,2013,7,22,199.25,6.91
41478.0,2013,7,23,199.17,6.91
41479.0,2013,7,24,199.39,6.91
41480.0,2013,7,25,199.26,6.91
41481.0,2013,7,26,199.22,6.92
41482.0,2013,7,27,199.3,6.93
41483.0,2013,7,28,199.16,6.93
41484.0,2013,7,29,199.22,6.93
41485.0,2013,7,30,199.06,6.94
41486.0,2013,7,31,199.29,6.94
41487.0,2013,8,1,199.01,6.94
41488.0,2013,8,2,199.09,6.95
41489.0,2013,8,3,199.15,6.96
41490.0,2013,8,4,199.28,6.96
41491.0,2013,8,5,199.21,6.97
41492.0,2013,8,6,199.41,6.98
41493.0,2013,8,7,199.43,6.97
41494.0,2013,8,8,199.44,6.98
41495.0,2013,8,9,199.43,6.98
41496.0,2013,8,10,199.37,6.99
41497.0,2013,8,11,199.19,6.99
41498.0,2013,8,12,199.23,7.01
41499.0,2013,8,13,199.47,7.01
41500.0,2013,8,14,199.49,7.01
41501.0,2013,8,15,199.49,7.01
41502.0,2013,8,16,199.48,7.02
41503.0,2013,8,17,199.43,7.02
41504.0,2013,8,18,199.31,7.03
41505.0,2013,8,19,199.14,7.03
41506.0,2013,8,20,199.39,7.03
41507.0,2013,8,21,199.39,7.03
41508.0,2013,8,22,199.38,7.04
41509.0,2013,8,23,199.37,7.04
41510.0,2013,8,24,199.29,7.05
41511.0,2013,8,25,199.11,7.05
41512.0,2013,8,26,199.11,7.06
41513.0,2013,8,27,199.3,7.06
41514.0,2013,8,28,199.33,7.06
41515.0,2013,8,29,199.33,7.07
41516.0,2013,8,30,199.33,7.08
41517.0,2013,8,31,199.28,7.08
41518.0,2013,9,1,199.15,7.09
41519.0,2013,9,2,199.22,7.1
41520.0,2013,9,3,199.12,7.1
41521.0,2013,9,4,199.37,7.11
41522.0,2013,9,5,199.45,7.12
41523.0,2013,9,6,199.48,7.13
41524.0,2013,9,7,199.47,7.15
41525.0,2013,9,8,199.32,7.15
41526.0,2013,9,9,199.41,7.16
41527.0,2013,9,10,199.51,7.17
41528.0,2013,9,11,199.54,7.18
41529.0,2013,9,12,199.58,7.19
41530.0,2013,9,13,199.66,7.2
41531.0,2013,9,14,199.7,7.21
41532.0,2013,9,15,199.74,7.22
41533.0,2013,9,16,199.76,7.23
41534.0,2013,9,17,199.76,7.24
41535.0,2013,9,18,199.76,7.26
41536.0,2013,9,19,199.76,7.27
41537.0,2013,9,20,199.74,7.28
41538.0,2013,9,21,199.67,7.29
41539.0,2013,9,22,199.45,7.3
41540.0,2013,9,23,199.53,7.31
41541.0,2013,9,24,199.7,7.32
41542.0,2013,9,25,199.73,7.33
41543.0,2013,9,26,199.73,7.34
41544.0,2013,9,27,199.72,7.35
41545.0,2013,9,28,199.65,7.37
41546.0,2013,9,29,199.48,7.37
41547.0,2013,9,30,199.38,7.37
41548.0,2013,10,1,199.61,7.39
41549.0,2013,10,2,199.62,7.41
41550.0,2013,10,3,199.61,7.42
41551.0,2013,10,4,199.59,7.43
41552.0,2013,10,5,199.53,7.45
41553.0,2013,10,6,199.36,7.46
41554.0,2013,10,7,199.37,7.46
41555.0,2013,10,8,199.54,7.47
41556.0,2013,10,9,199.58,7.49
41557.0,2013,10,10,199.63,7.5
41558.0,2013,10,11,199.61,7.51
41559.0,2013,10,12,199.52,7.52
41560.0,2013,10,13,199.4,7.53
41561.0,2013,10,14,199.39,7.53
41562.0,2013,10,15,199.41,7.55
41563.0,2013,10,16,199.59,7.56
41564.0,2013,10,17,199.62,7.58
41565.0,2013,10,18,199.63,7.59
41566.0,2013,10,19,199.59,7.61
41567.0,2013,10,20,199.3,7.59
41568.0,2013,10,21,199.46,7.62
41569.0,2013,10,22,199.64,7.63
41570.0,2013,10,23,199.68,7.64
41571.0,2013,10,24,199.69,7.65
41572.0,2013,10,25,199.69,7.66
41573.0,2013,10,26,199.64,7.67
41574.0,2013,10,27,199.54,7.68
41575.0,2013,10,28,199.43,7.69
41576.0,2013,10,29,199.64,7.7
41577.0,2013,10,30,199.67,7.71
41578.0,2013,10,31,199.68,7.72
41579.0,2013,11,1,199.7,7.73
41580.0,2013,11,2,199.65,7.75
41581.0,2013,11,3,199.62,7.75
41582.0,2013,11,4,199.4,7.77
41583.0,2013,11,5,199.64,7.77
41584.0,2013,11,6,199.71,7.78
41585.0,2013,11,7,199.75,7.79
41586.0,2013,11,8,199.74,7.79
41587.0,2013,11,9,199.68,7.81
41588.0,2013,11,10,199.58,7.81
41589.0,2013,11,11,199.54,7.81
41590.0,2013,11,12,199.73,7.82
41591.0,2013,11,13,199.74,7.84
41592.0,2013,11,14,199.75,7.85
41593.0,2013,11,15,199.74,7.86
41594.0,2013,11,16,199.64,7.89
41595.0,2013,11,17,199.43,7.87
41596.0,2013,11,18,199.54,7.89
41597.0,2013,11,19,199.71,7.9
41598.0,2013,11,20,199.72,7.91
41599.0,2013,11,21,199.72,7.92
41600.0,2013,11,22,199.68,7.93
41601.0,2013,11,23,199.57,7.93
41602.0,2013,11,24,199.5,7.94
41603.0,2013,11,25,199.37,7.93
41604.0,2013,11,26,199.67,7.94
41605.0,2013,11,27,199.7,7.95
41606.0,2013,11,28,199.75,7.96
41607.0,2013,11,29,199.73,7.97
41608.0,2013,11,30,199.66,7.99
41609.0,2013,12,1,199.58,7.99
41610.0,2013,12,2,199.51,8.02
41611.0,2013,12,3,199.67,7.99
41612.0,2013,12,4,199.71,8.0
41613.0,2013,12,5,199.71,8.01
41614.0,2013,12,6,199.73,8.01
41615.0,2013,12,7,199.7,8.02
41616.0,2013,12,8,199.58,8.01
41617.0,2013,12,9,199.54,8.02
41618.0,2013,12,10,199.74,8.02
41619.0,2013,12,11,199.73,8.02
41620.0,2013,12,12,199.71,8.03
41621.0,2013,12,13,199.7,8.03
41622.0,2013,12,14,199.6,8.04
41623.0,2013,12,15,199.54,8.02
41624.0,2013,12,16,199.41,8.03
41625.0,2013,12,17,199.6,8.03
41626.0,2013,12,18,199.62,8.03
41627.0,2013,12,19,199.62,8.02
41628.0,2013,12,20,199.62,8.02
41629.0,2013,12,21,199.64,8.01
41630.0,2013,12,22,199.51,8.0
41631.0,2013,12,23,199.52,7.99
41632.0,2013,12,24,199.46,7.97
41633.0,2013,12,25,199.65,7.94
41634.0,2013,12,26,199.67,7.91
41635.0,2013,12,27,199.67,7.88
41636.0,2013,12,28,199.42,7.86
41637.0,2013,12,29,199.43,7.86
41638.0,2013,12,30,199.39,7.84
41639.0,2013,12,31,199.32,7.84
41640.0,2014,1,1,199.38,7.82
41641.0,2014,1,2,199.39,7.8
41642.0,2014,1,3,199.4,7.79
41643.0,2014,1,4,199.5,7.76
41644.0,2014,1,5,199.48,7.74
41645.0,2014,1,6,199.57,7.72
41646.0,2014,1,7,199.65,7.7
41647.0,2014,1,8,199.67,7.67
41648.0,2014,1,9,199.67,7.66
41649.0,2014,1,10,199.67,7.64
41650.0,2014,1,11,199.61,7.62
41651.0,2014,1,12,199.51,7.62
41652.0,2014,1,13,199.43,7.6
41653.0,2014,1,14,199.72,7.58
41654.0,2014,1,15,199.77,7.56
41655.0,2014,1,16,199.8,7.54
41656.0,2014,1,17,199.82,7.52
41657.0,2014,1,18,199.75,7.5
41658.0,2014,1,19,199.68,7.5
41659.0,2014,1,20,199.6,7.47
41660.0,2014,1,21,199.77,7.47
41661.0,2014,1,22,199.77,7.45
41662.0,2014,1,23,199.78,7.44
41663.0,2014,1,24,199.75,7.44
41664.0,2014,1,25,199.68,7.43
41665.0,2014,1,26,199.53,7.43
41666.0,2014,1,27,199.49,7.42
41667.0,2014,1,28,199.64,7.41
41668.0,2014,1,29,199.64,7.4
41669.0,2014,1,30,199.64,7.39
41670.0,2014,1,31,199.65,7.37
41671.0,2014,2,1,199.58,7.35
41672.0,2014,2,2,199.46,7.36
41673.0,2014,2,3,199.43,7.35
41674.0,2014,2,4,199.61,7.34
41675.0,2014,2,5,199.63,7.33
41676.0,2014,2,6,199.65,7.3
41677.0,2014,2,7,199.64,7.28
41678.0,2014,2,8,199.59,7.29
41679.0,2014,2,9,199.43,7.29
41680.0,2014,2,10,199.37,7.26
41681.0,2014,2,11,199.56,7.24
41682.0,2014,2,12,199.56,7.25
41683.0,2014,2,13,199.57,7.2
41684.0,2014,2,14,199.61,7.23
41685.0,2014,2,15,199.55,7.2
41686.0,2014,2,16,199.51,7.2
41687.0,2014,2,17,199.39,7.2
41688.0,2014,2,18,199.55,7.17
41689.0,2014,2,19,199.58,7.17
41690.0,2014,2,20,199.59,7.09
41691.0,2014,2,21,199.58,7.16
41692.0,2014,2,22,199.52,7.13
41693.0,2014,2,23,199.32,7.1
41694.0,2014,2,24,199.41,7.09
41695.0,2014,2,25,199.59,7.09
41696.0,2014,2,26,199.61,7.05
41697.0,2014,2,27,199.63,7.07
41698.0,2014,2,28,199.63,7.05
41699.0,2014,3,1,199.53,7.04
41700.0,2014,3,2,199.34,6.99
41701.0,2014,3,3,199.35,7.0
41702.0,2014,3,4,199.57,7.01
41703.0,2014,3,5,199.59,6.98
41704.0,2014,3,6,199.59,6.97
41705.0,2014,3,7,199.59,6.94
41706.0,2014,3,8,199.37,6.93
41707.0,2014,3,9,199.31,6.96
41708.0,2014,3,10,199.31,6.93
41709.0,2014,3,11,199.53,6.9
41710.0,2014,3,12,199.54,6.93
41711.0,2014,3,13,199.46,6.92
41712.0,2014,3,14,199.22,6.89
41713.0,2014,3,15,199.26,6.89
41714.0,2014,3,16,199.18,6.84
41715.0,2014,3,17,199.31,6.86
41716.0,2014,3,18,199.51,6.82
41717.0,2014,3,19,199.55,6.78
41718.0,2014,3,20,199.58,6.84
41719.0,2014,3,21,199.6,6.77
41720.0,2014,3,22,199.54,6.77
41721.0,2014,3,23,199.43,6.77
41722.0,2014,3,24,199.39,6.79
41723.0,2014,3,25,199.55,6.74
41724.0,2014,3,26,199.57,6.72
41725.0,2014,3,27,199.57,6.72
41726.0,2014,3,28,199.57,6.72
41727.0,2014,3,29,199.54,6.64
41728.0,2014,3,30,199.48,6.68
41729.0,2014,3,31,199.66,6.68
41730.0,2014,4,1,199.7,6.65
41731.0,2014,4,2,199.78,6.64
41732.0,2014,4,3,199.77,6.63
41733.0,2014,4,4,199.81,6.61
41734.0,2014,4,5,199.81,6.62
41735.0,2014,4,6,199.75,6.59
41736.0,2014,4,7,199.65,6.57
41737.0,2014,4,8,199.84,6.57
41738.0,2014,4,9,199.9,6.51
41739.0,2014,4,10,199.9,6.49
41740.0,2014,4,11,199.91,6.55
41741.0,2014,4,12,199.84,6.52
41742.0,2014,4,13,199.66,6.49
41743.0,2014,4,14,199.68,6.49
41744.0,2014,4,15,199.88,6.41
41745.0,2014,4,16,199.92,6.42
41746.0,2014,4,17,199.9,6.36
41747.0,2014,4,18,199.85,6.39
41748.0,2014,4,19,199.73,6.35
41749.0,2014,4,20,199.58,6.41
41750.0,2014,4,21,199.68,6.42
41751.0,2014,4,22,199.66,6.38
41752.0,2014,4,23,199.85,6.36
41753.0,2014,4,24,199.85,6.3
41754.0,2014,4,25,199.84,6.34
41755.0,2014,4,26,199.78,6.34
41756.0,2014,4,27,199.7,6.36
41757.0,2014,4,28,199.63,6.33
41758.0,2014,4,29,199.8,6.28
41759.0,2014,4,30,199.8,6.27
41760.0,2014,5,1,199.83,6.25
41761.0,2014,5,2,199.81,6.23
41762.0,2014,5,3,199.74,6.24
41763.0,2014,5,4,199.65,6.26
41764.0,2014,5,5,199.64,6.26
41765.0,2014,5,6,199.8,6.28
41766.0,2014,5,7,199.8,6.22
41767.0,2014,5,8,199.8,6.23
41768.0,2014,5,9,199.79,6.22
41769.0,2014,5,10,199.75,6.28
41770.0,2014,5,11,199.36,6.29
41771.0,2014,5,12,199.53,6.3
41772.0,2014,5,13,199.69,6.22
41773.0,2014,5,14,199.72,6.22
41774.0,2014,5,15,199.72,6.23
41775.0,2014,5,16,199.71,6.23
41776.0,2014,5,17,199.66,6.2
41777.0,2014,5,18,199.51,6.24
41778.0,2014,5,19,199.49,6.24
41779.0,2014,5,20,199.5,6.2
41780.0,2014,5,21,199.67,6.27
41781.0,2014,5,22,199.68,6.22
41782.0,2014,5,23,199.69,6.2
41783.0,2014,5,24,199.68,6.28
41784.0,2014,5,25,199.56,6.22
41785.0,2014,5,26,199.53,6.22
41786.0,2014,5,27,199.72,6.3
41787.0,2014,5,28,199.76,6.24
41788.0,2014,5,29,199.75,6.26
41789.0,2014,5,30,199.77,6.28
41790.0,2014,5,31,199.71,6.32
41791.0,2014,6,1,199.65,6.29
41792.0,2014,6,2,199.4,6.28
41793.0,2014,6,3,199.71,6.35
41794.0,2014,6,4,199.73,6.26
41795.0,2014,6,5,199.73,6.29
41796.0,2014,6,6,199.72,6.31
41797.0,2014,6,7,199.61,6.33
41798.0,2014,6,8,199.66,6.3
41799.0,2014,6,9,199.5,6.32
41800.0,2014,6,10,199.61,6.3
41801.0,2014,6,11,199.61,6.31
41802.0,2014,6,12,199.61,6.3
41803.0,2014,6,13,199.64,6.29
41804.0,2014,6,14,199.6,6.34
41805.0,2014,6,15,199.54,6.36
41806.0,2014,6,16,199.45,6.36
41807.0,2014,6,17,199.7,6.41
41808.0,2014,6,18,199.72,6.37
41809.0,2014,6,19,199.73,6.34
41810.0,2014,6,20,199.73,6.38
41811.0,2014,6,21,199.38,6.36
41812.0,2014,6,22,199.54,6.37
41813.0,2014,6,23,199.37,6.4
41814.0,2014,6,24,199.48,6.39
41815.0,2014,6,25,199.4,6.4
41816.0,2014,6,26,199.64,6.39
41817.0,2014,6,27,199.69,6.41
41818.0,2014,6,28,199.44,6.41
41819.0,2014,6,29,199.55,6.37
41820.0,2014,6,30,199.15,6.46
41821.0,2014,7,1,199.47,6.41
41822.0,2014,7,2,199.65,6.41
41823.0,2014,7,3,199.65,6.42
41824.0,2014,7,4,199.64,6.45
41825.0,2014,7,5,199.58,6.41
41826.0,2014,7,6,199.45,6.45
41827.0,2014,7,7,199.51,6.46
41828.0,2014,7,8,199.62,6.43
41829.0,2014,7,9,199.62,6.47
41830.0,2014,7,10,199.59,6.44
41831.0,2014,7,11,199.56,6.47
41832.0,2014,7,12,199.5,6.46
41833.0,2014,7,13,199.14,6.48
41834.0,2014,7,14,199.31,6.46
41835.0,2014,7,15,199.46,6.47
41836.0,2014,7,16,199.48,6.49
41837.0,2014,7,17,199.47,6.45
41838.0,2014,7,18,199.43,6.47
41839.0,2014,7,19,199.24,6.52
41840.0,2014,7,20,199.31,6.48
41841.0,2014,7,21,199.26,6.51
41842.0,2014,7,22,198.91,6.5
41843.0,2014,7,23,199.09,6.5
41844.0,2014,7,24,199.15,6.52
41845.0,2014,7,25,199.22,6.51
41846.0,2014,7,26,199.19,6.52
41847.0,2014,7,27,199.12,6.54
41848.0,2014,7,28,199.14,6.53
41849.0,2014,7,29,199.11,6.53
41850.0,2014,7,30,199.34,6.54
41851.0,2014,7,31,199.41,6.55
41852.0,2014,8,1,199.42,6.55
41853.0,2014,8,2,199.39,6.57
41854.0,2014,8,3,199.25,6.56
41855.0,2014,8,4,199.29,6.57
41856.0,2014,8,5,199.46,6.57
41857.0,2014,8,6,199.48,6.6
41858.0,2014,8,7,199.47,6.58
41859.0,2014,8,8,199.47,6.59
41860.0,2014,8,9,199.32,6.6
41861.0,2014,8,10,199.4,6.61
41862.0,2014,8,11,199.42,6.61
41863.0,2014,8,12,199.4,6.62
41864.0,2014,8,13,199.39,6.62
41865.0,2014,8,14,199.4,6.63
41866.0,2014,8,15,199.43,6.64
41867.0,2014,8,16,199.32,6.65
41868.0,2014,8,17,199.25,6.64
41869.0,2014,8,18,199.13,6.65
41870.0,2014,8,19,199.49,6.66
41871.0,2014,8,20,199.52,6.67
41872.0,2014,8,21,199.52,6.67
41873.0,2014,8,22,199.5,6.68
41874.0,2014,8,23,199.45,6.68
41875.0,2014,8,24,199.18,6.69
41876.0,2014,8,25,199.26,6.7
41877.0,2014,8,26,199.38,6.7
41878.0,2014,8,27,199.38,6.7
41879.0,2014,8,28,199.36,6.72
41880.0,2014,8,29,199.32,6.72
41881.0,2014,8,30,199.26,6.72
41882.0,2014,8,31,198.77,6.73
41883.0,2014,9,1,199.2,6.74
41884.0,2014,9,2,199.08,6.74
41885.0,2014,9,3,199.29,6.74
41886.0,2014,9,4,199.31,6.75
41887.0,2014,9,5,199.29,6.76
41888.0,2014,9,6,199.12,6.76
41889.0,2014,9,7,199.13,6.77
41890.0,2014,9,8,199.09,6.77
41891.0,2014,9,9,199.28,6.77
41892.0,2014,9,10,199.32,6.78
41893.0,2014,9,11,199.33,6.78
41894.0,2014,9,12,199.19,6.79
41895.0,2014,9,13,199.27,6.79
41896.0,2014,9,14,199.28,6.8
41897.0,2014,9,15,199.28,6.81
41898.0,2014,9,16,199.29,6.81
41899.0,2014,9,17,199.3,6.82
41900.0,2014,9,18,199.29,6.83
41901.0,2014,9,19,199.19,6.84
41902.0,2014,9,20,199.16,6.85
41903.0,2014,9,21,199.02,6.86
41904.0,2014,9,22,199.06,6.87
41905.0,2014,9,23,199.2,6.88
41906.0,2014,9,24,199.21,6.89
41907.0,2014,9,25,199.23,6.9
41908.0,2014,9,26,199.22,6.91
41909.0,2014,9,27,199.06,6.92
41910.0,2014,9,28,198.97,6.93
41911.0,2014,9,29,198.98,6.94
41912.0,2014,9,30,199.18,6.95
41913.0,2014,10,1,199.19,6.96
41914.0,2014,10,2,199.18,6.97
41915.0,2014,10,3,199.18,6.99
41916.0,2014,10,4,199.13,7.0
41917.0,2014,10,5,199.08,7.01
41918.0,2014,10,6,198.97,7.02
41919.0,2014,10,7,199.21,7.03
41920.0,2014,10,8,199.27,7.04
41921.0,2014,10,9,199.31,7.06
41922.0,2014,10,10,199.32,7.07
41923.0,2014,10,11,199.29,7.08
41924.0,2014,10,12,199.19,7.1
41925.0,2014,10,13,199.1,7.09
41926.0,2014,10,14,199.04,7.11
41927.0,2014,10,15,199.31,7.12
41928.0,2014,10,16,199.34,7.13
41929.0,2014,10,17,199.37,7.14
41930.0,2014,10,18,199.34,7.16
41931.0,2014,10,19,199.31,7.17
41932.0,2014,10,20,199.21,7.18
41933.0,2014,10,21,199.41,7.19
41934.0,2014,10,22,199.44,7.2
41935.0,2014,10,23,199.45,7.22
41936.0,2014,10,24,199.49,7.23
41937.0,2014,10,25,199.46,7.24
41938.0,2014,10,26,199.44,7.25
41939.0,2014,10,27,199.37,7.26
41940.0,2014,10,28,199.52,7.27
41941.0,2014,10,29,199.56,7.28
41942.0,2014,10,30,199.57,7.29
41943.0,2014,10,31,199.57,7.3
41944.0,2014,11,1,199.5,7.32
41945.0,2014,11,2,199.39,7.31
41946.0,2014,11,3,199.32,7.34
41947.0,2014,11,4,199.49,7.35
41948.0,2014,11,5,199.51,7.36
41949.0,2014,11,6,199.5,7.37
41950.0,2014,11,7,199.52,7.38
41951.0,2014,11,8,199.51,7.39
41952.0,2014,11,9,199.4,7.4
41953.0,2014,11,10,199.33,7.4
41954.0,2014,11,11,199.54,7.41
41955.0,2014,11,12,199.57,7.43
41956.0,2014,11,13,199.58,7.43
41957.0,2014,11,14,199.6,7.44
41958.0,2014,11,15,199.5,7.45
41959.0,2014,11,16,199.47,7.45
41960.0,2014,11,17,199.43,7.46
41961.0,2014,11,18,199.58,7.48
41962.0,2014,11,19,199.59,7.49
41963.0,2014,11,20,199.59,7.5
41964.0,2014,11,21,199.59,7.51
41965.0,2014,11,22,199.49,7.52
41966.0,2014,11,23,199.41,7.52
41967.0,2014,11,24,199.41,7.53
41968.0,2014,11,25,199.58,7.54
41969.0,2014,11,26,199.6,7.55
41970.0,2014,11,27,199.64,7.56
41971.0,2014,11,28,199.65,7.57
41972.0,2014,11,29,199.65,7.57
41973.0,2014,11,30,199.48,7.57
41974.0,2014,12,1,199.46,7.58
41975.0,2014,12,2,199.56,7.59
41976.0,2014,12,3,199.62,7.6
41977.0,2014,12,4,199.64,7.61
41978.0,2014,12,5,199.61,7.62
41979.0,2014,12,6,199.56,7.62
41980.0,2014,12,7,199.47,7.63
41981.0,2014,12,8,199.43,7.63
41982.0,2014,12,9,199.58,7.64
41983.0,2014,12,10,199.62,7.64
41984.0,2014,12,11,199.66,7.65
41985.0,2014,12,12,199.65,7.66
41986.0,2014,12,13,199.49,7.67
41987.0,2014,12,14,199.47,7.66
41988.0,2014,12,15,199.46,7.66
41989.0,2014,12,16,199.58,7.67
41990.0,2014,12,17,199.61,7.67
41991.0,2014,12,18,199.62,7.68
41992.0,2014,12,19,199.64,7.68
41993.0,2014,12,20,199.6,7.68
41994.0,2014,12,21,199.42,7.68
41995.0,2014,12,22,199.47,7.68
41996.0,2014,12,23,199.61,7.68
41997.0,2014,12,24,199.64,7.67
41998.0,2014,12,25,199.7,7.66
41999.0,2014,12,26,199.72,7.63
42000.0,2014,12,27,199.75,7.59
42001.0,2014,12,28,199.73,7.56
42002.0,2014,12,29,199.46,7.56
42003.0,2014,12,30,199.64,7.54
42004.0,2014,12,31,199.66,7.51
42005.0,2015,1,1,199.54,7.5
42006.0,2015,1,2,199.61,7.49
42007.0,2015,1,3,199.54,7.48
42008.0,2015,1,4,199.53,7.47
42009.0,2015,1,5,199.57,7.45
42010.0,2015,1,6,199.67,7.42
42011.0,2015,1,7,199.71,7.4
42012.0,2015,1,8,199.71,7.38
42013.0,2015,1,9,199.72,7.37
42014.0,2015,1,10,199.68,7.35
42015.0,2015,1,11,199.51,7.36
42016.0,2015,1,12,199.46,7.35
42017.0,2015,1,13,199.62,7.34
42018.0,2015,1,14,199.62,7.32
42019.0,2015,1,15,199.63,7.31
42020.0,2015,1,16,199.64,7.29
42021.0,2015,1,17,199.54,7.28
42022.0,2015,1,18,199.51,7.28
42023.0,2015,1,19,199.39,7.27
42024.0,2015,1,20,199.57,7.26
42025.0,2015,1,21,199.58,7.25
42026.0,2015,1,22,199.59,7.23
42027.0,2015,1,23,199.58,7.23
42028.0,2015,1,24,199.56,7.22
42029.0,2015,1,25,199.56,7.21
42030.0,2015,1,26,199.45,7.21
42031.0,2015,1,27,199.58,7.2
42032.0,2015,1,28,199.59,7.19
42033.0,2015,1,29,199.57,7.17
42034.0,2015,1,30,199.57,7.16
42035.0,2015,1,31,199.39,7.15
42036.0,2015,2,1,199.48,7.15
42037.0,2015,2,2,199.38,7.14
42038.0,2015,2,3,199.52,7.12
42039.0,2015,2,4,199.52,7.11
42040.0,2015,2,5,199.53,7.11
42041.0,2015,2,6,199.52,7.09
42042.0,2015,2,7,199.48,7.08
42043.0,2015,2,8,199.39,7.08
42044.0,2015,2,9,199.36,7.07
42045.0,2015,2,10,199.49,7.05
42046.0,2015,2,11,199.51,7.02
42047.0,2015,2,12,199.53,7.03
42048.0,2015,2,13,199.53,7.02
42049.0,2015,2,14,199.49,7.0
42050.0,2015,2,15,199.34,7.0
42051.0,2015,2,16,199.31,6.99
42052.0,2015,2,17,199.45,6.97
42053.0,2015,2,18,199.46,6.96
42054.0,2015,2,19,199.47,6.92
42055.0,2015,2,20,199.48,6.93
42056.0,2015,2,21,199.43,6.93
42057.0,2015,2,22,199.31,6.93
42058.0,2015,2,23,199.28,6.92
42059.0,2015,2,24,199.44,6.9
42060.0,2015,2,25,199.48,6.88
42061.0,2015,2,26,199.46,6.87
42062.0,2015,2,27,199.45,6.86
42063.0,2015,2,28,199.42,6.84
42064.0,2015,3,1,199.27,6.84
42065.0,2015,3,2,199.28,6.82
42066.0,2015,3,3,199.39,6.83
42067.0,2015,3,4,199.44,6.81
42068.0,2015,3,5,199.42,6.76
42069.0,2015,3,6,199.41,6.78
42070.0,2015,3,7,199.37,6.76
42071.0,2015,3,8,199.26,6.76
42072.0,2015,3,9,199.23,6.74
42073.0,2015,3,10,199.39,6.75
42074.0,2015,3,11,199.44,6.72
42075.0,2015,3,12,199.45,6.74
42076.0,2015,3,13,199.46,6.7
42077.0,2015,3,14,199.31,6.68
42078.0,2015,3,15,199.34,6.68
42079.0,2015,3,16,199.27,6.71
42080.0,2015,3,17,199.25,6.68
42081.0,2015,3,18,199.42,6.62
42082.0,2015,3,19,199.47,6.64
42083.0,2015,3,20,199.51,6.59
42084.0,2015,3,21,199.5,6.6
42085.0,2015,3,22,199.45,6.57
42086.0,2015,3,23,199.42,6.59
42087.0,2015,3,24,199.52,6.54
42088.0,2015,3,25,199.54,6.54
42089.0,2015,3,26,199.56,6.53
42090.0,2015,3,27,199.58,6.52
42091.0,2015,3,28,199.55,6.51
42092.0,2015,3,29,199.41,6.52
42093.0,2015,3,30,199.43,6.51
42094.0,2015,3,31,199.58,6.49
42095.0,2015,4,1,199.59,6.43
42096.0,2015,4,2,199.59,6.43
42097.0,2015,4,3,199.56,6.43
42098.0,2015,4,4,199.48,6.43
42099.0,2015,4,5,199.42,6.44
42100.0,2015,4,6,199.44,6.41
42101.0,2015,4,7,199.5,6.43
42102.0,2015,4,8,199.67,6.36
42103.0,2015,4,9,199.71,6.38
42104.0,2015,4,10,199.74,6.33
42105.0,2015,4,11,199.77,6.36
42106.0,2015,4,12,199.76,6.33
42107.0,2015,4,13,199.67,6.32
42108.0,2015,4,14,199.8,6.32
42109.0,2015,4,15,199.81,6.29
42110.0,2015,4,16,199.81,6.28
42111.0,2015,4,17,199.82,6.28
42112.0,2015,4,18,199.71,6.26
42113.0,2015,4,19,199.66,6.24
42114.0,2015,4,20,199.57,6.28
42115.0,2015,4,21,199.79,6.24
42116.0,2015,4,22,199.82,6.26
42117.0,2015,4,23,199.84,6.18
42118.0,2015,4,24,199.84,6.17
42119.0,2015,4,25,199.78,6.15
42120.0,2015,4,26,199.64,6.2
42121.0,2015,4,27,199.61,6.17
42122.0,2015,4,28,199.77,6.09
42123.0,2015,4,29,199.79,6.14
42124.0,2015,4,30,199.77,6.15
42125.0,2015,5,1,199.75,6.06
42126.0,2015,5,2,199.65,6.13
42127.0,2015,5,3,199.45,6.14
42128.0,2015,5,4,199.45,6.06
42129.0,2015,5,5,199.67,6.04
42130.0,2015,5,6,199.69,6.11
42131.0,2015,5,7,199.7,6.1
42132.0,2015,5,8,199.69,6.05
42133.0,2015,5,9,199.51,6.09
42134.0,2015,5,10,199.58,6.05
42135.0,2015,5,11,199.42,6.0
42136.0,2015,5,12,199.65,6.02
42137.0,2015,5,13,199.69,5.99
42138.0,2015,5,14,199.68,6.04
42139.0,2015,5,15,199.68,6.06
42140.0,2015,5,16,199.59,6.04
42141.0,2015,5,17,199.58,6.06
42142.0,2015,5,18,199.43,6.08
42143.0,2015,5,19,199.23,6.09
42144.0,2015,5,20,199.62,6.02
42145.0,2015,5,21,199.65,6.08
42146.0,2015,5,22,199.66,6.06
42147.0,2015,5,23,199.58,6.1
42148.0,2015,5,24,199.48,6.03
42149.0,2015,5,25,199.41,6.09
42150.0,2015,5,26,199.59,6.07
42151.0,2015,5,27,199.6,6.06
42152.0,2015,5,28,199.59,6.02
42153.0,2015,5,29,199.59,6.03
42154.0,2015,5,30,199.5,6.02
42155.0,2015,5,31,199.58,6.02
42156.0,2015,6,1,199.4,6.11
42157.0,2015,6,2,199.67,6.08
42158.0,2015,6,3,199.73,6.11
42159.0,2015,6,4,199.74,6.09
42160.0,2015,6,5,199.73,6.1
42161.0,2015,6,6,199.72,6.06
42162.0,2015,6,7,199.56,6.06
42163.0,2015,6,8,199.52,6.13
42164.0,2015,6,9,199.7,6.11
42165.0,2015,6,10,199.74,6.11
42166.0,2015,6,11,199.75,6.1
42167.0,2015,6,12,199.74,6.12
42168.0,2015,6,13,199.73,6.12
42169.0,2015,6,14,199.62,6.08
42170.0,2015,6,15,199.55,6.08
42171.0,2015,6,16,199.72,6.12
42172.0,2015,6,17,199.7,6.11
42173.0,2015,6,18,199.73,6.16
42174.0,2015,6,19,199.75,6.1
42175.0,2015,6,20,199.68,6.12
42176.0,2015,6,21,199.59,6.14
42177.0,2015,6,22,199.52,6.1
42178.0,2015,6,23,199.69,6.17
42179.0,2015,6,24,199.72,6.17
42180.0,2015,6,25,199.71,6.13
42181.0,2015,6,26,199.68,6.18
42182.0,2015,6,27,199.59,6.15
42183.0,2015,6,28,199.48,6.17
42184.0,2015,6,29,199.43,6.17
42185.0,2015,6,30,199.31,6.18
42186.0,2015,7,1,199.5,6.19
42187.0,2015,7,2,199.61,6.18
42188.0,2015,7,3,199.63,6.22
42189.0,2015,7,4,199.55,6.14
42190.0,2015,7,5,199.48,6.17
42191.0,2015,7,6,199.4,6.2
42192.0,2015,7,7,199.56,6.2
42193.0,2015,7,8,199.56,6.24
42194.0,2015,7,9,199.56,6.18
42195.0,2015,7,10,199.57,6.25
42196.0,2015,7,11,199.49,6.24
42197.0,2015,7,12,199.32,6.23
42198.0,2015,7,13,199.28,6.21
42199.0,2015,7,14,199.48,6.24
42200.0,2015,7,15,199.55,6.23
42201.0,2015,7,16,199.6,6.25
42202.0,2015,7,17,199.63,6.24
42203.0,2015,7,18,199.61,6.26
42204.0,2015,7,19,199.59,6.24
42205.0,2015,7,20,199.62,6.29
42206.0,2015,7,21,199.5,6.26
42207.0,2015,7,22,199.56,6.28
42208.0,2015,7,23,199.58,6.3
42209.0,2015,7,24,199.51,6.31
42210.0,2015,7,25,199.58,6.27
42211.0,2015,7,26,199.58,6.29
42212.0,2015,7,27,199.57,6.31
42213.0,2015,7,28,199.5,6.32
42214.0,2015,7,29,199.58,6.3
42215.0,2015,7,30,199.56,6.31
42216.0,2015,7,31,199.59,6.32
42217.0,2015,8,1,199.5,6.3
42218.0,2015,8,2,199.57,6.33
42219.0,2015,8,3,199.49,6.32
42220.0,2015,8,4,199.69,6.35
42221.0,2015,8,5,199.71,6.35
42222.0,2015,8,6,199.73,6.34
42223.0,2015,8,7,199.74,6.34
42224.0,2015,8,8,199.67,6.36
42225.0,2015,8,9,199.57,6.35
42226.0,2015,8,10,199.49,6.37
42227.0,2015,8,11,199.64,6.37
42228.0,2015,8,12,199.68,6.4
42229.0,2015,8,13,199.72,6.39
42230.0,2015,8,14,199.74,6.38
42231.0,2015,8,15,199.7,6.39
42232.0,2015,8,16,199.64,6.42
42233.0,2015,8,17,199.55,6.4
42234.0,2015,8,18,199.69,6.42
42235.0,2015,8,19,199.69,6.42
42236.0,2015,8,20,199.67,6.44
42237.0,2015,8,21,199.61,6.43
42238.0,2015,8,22,199.52,6.45
42239.0,2015,8,23,199.4,6.45
42240.0,2015,8,24,199.39,6.46
42241.0,2015,8,25,199.56,6.47
42242.0,2015,8,26,199.55,6.47
42243.0,2015,8,27,199.53,6.48
42244.0,2015,8,28,199.49,6.49
42245.0,2015,8,29,199.42,6.49
42246.0,2015,8,30,199.31,6.5
42247.0,2015,8,31,199.24,6.5
42248.0,2015,9,1,199.39,6.51
42249.0,2015,9,2,199.39,6.52
42250.0,2015,9,3,199.39,6.52
42251.0,2015,9,4,199.34,6.53
42252.0,2015,9,5,199.25,6.53
42253.0,2015,9,6,199.18,6.54
42254.0,2015,9,7,199.22,6.55
42255.0,2015,9,8,199.13,6.55
42256.0,2015,9,9,199.27,6.56
42257.0,2015,9,10,199.31,6.56
42258.0,2015,9,11,199.33,6.57
42259.0,2015,9,12,199.28,6.57
42260.0,2015,9,13,199.12,6.58
42261.0,2015,9,14,199.13,6.59
42262.0,2015,9,15,199.36,6.59
42263.0,2015,9,16,199.44,6.59
42264.0,2015,9,17,199.51,6.6
42265.0,2015,9,18,199.5,6.61
42266.0,2015,9,19,199.51,6.61
42267.0,2015,9,20,199.38,6.62
42268.0,2015,9,21,199.32,6.62
42269.0,2015,9,22,199.49,6.63
42270.0,2015,9,23,199.51,6.63
42271.0,2015,9,24,199.5,6.64
42272.0,2015,9,25,199.45,6.64
42273.0,2015,9,26,199.33,6.65
42274.0,2015,9,27,199.3,6.66
42275.0,2015,9,28,199.25,6.67
42276.0,2015,9,29,199.39,6.68
42277.0,2015,9,30,199.41,6.68
42278.0,2015,10,1,199.46,6.69
42279.0,2015,10,2,199.5,6.7
42280.0,2015,10,3,199.46,6.71
42281.0,2015,10,4,199.49,6.72
42282.0,2015,10,5,199.43,6.73
42283.0,2015,10,6,199.59,6.74
42284.0,2015,10,7,199.6,6.76
42285.0,2015,10,8,199.58,6.77
42286.0,2015,10,9,199.5,6.78
42287.0,2015,10,10,199.46,6.79
42288.0,2015,10,11,199.38,6.8
42289.0,2015,10,12,199.42,6.81
42290.0,2015,10,13,199.31,6.82
42291.0,2015,10,14,199.53,6.83
42292.0,2015,10,15,199.55,6.85
42293.0,2015,10,16,199.57,6.86
42294.0,2015,10,17,199.52,6.88
42295.0,2015,10,18,199.52,6.88
42296.0,2015,10,19,199.37,6.89
42297.0,2015,10,20,199.61,6.9
42298.0,2015,10,21,199.62,6.92
42299.0,2015,10,22,199.59,6.93
42300.0,2015,10,23,199.52,6.94
42301.0,2015,10,24,199.48,6.96
42302.0,2015,10,25,199.5,6.97
42303.0,2015,10,26,199.37,6.98
42304.0,2015,10,27,199.54,6.99
42305.0,2015,10,28,199.56,7.0
42306.0,2015,10,29,199.61,7.01
42307.0,2015,10,30,199.66,7.03
42308.0,2015,10,31,199.58,7.04
42309.0,2015,11,1,199.58,7.04
42310.0,2015,11,2,199.53,7.05
42311.0,2015,11,3,199.68,7.07
42312.0,2015,11,4,199.7,7.08
42313.0,2015,11,5,199.7,7.09
42314.0,2015,11,6,199.66,7.11
42315.0,2015,11,7,199.3,7.1
42316.0,2015,11,8,199.46,7.13
42317.0,2015,11,9,199.49,7.14
42318.0,2015,11,10,199.62,7.15
42319.0,2015,11,11,199.64,7.16
42320.0,2015,11,12,199.63,7.18
42321.0,2015,11,13,199.66,7.19
42322.0,2015,11,14,199.59,7.2
42323.0,2015,11,15,199.47,7.19
42324.0,2015,11,16,199.35,7.21
42325.0,2015,11,17,199.67,7.22
42326.0,2015,11,18,199.7,7.23
42327.0,2015,11,19,199.72,7.24
42328.0,2015,11,20,199.72,7.25
42329.0,2015,11,21,199.67,7.25
42330.0,2015,11,22,199.74,7.26
42331.0,2015,11,23,199.73,7.28
42332.0,2015,11,24,199.72,7.29
42333.0,2015,11,25,199.69,7.3
42334.0,2015,11,26,199.68,7.31
42335.0,2015,11,27,199.69,7.32
42336.0,2015,11,28,199.6,7.32
42337.0,2015,11,29,199.61,7.32
42338.0,2015,11,30,199.53,7.34
42339.0,2015,12,1,199.7,7.34
42340.0,2015,12,2,199.73,7.35
42341.0,2015,12,3,199.77,7.36
42342.0,2015,12,4,199.77,7.36
42343.0,2015,12,5,199.73,7.38
42344.0,2015,12,6,199.66,7.37
42345.0,2015,12,7,199.6,7.38
42346.0,2015,12,8,199.73,7.39
42347.0,2015,12,9,199.74,7.4
42348.0,2015,12,10,199.74,7.41
42349.0,2015,12,11,199.73,7.41
42350.0,2015,12,12,199.64,7.42
42351.0,2015,12,13,199.51,7.41
42352.0,2015,12,14,199.49,7.43
42353.0,2015,12,15,199.6,7.43
42354.0,2015,12,16,199.65,7.43
42355.0,2015,12,17,199.63,7.44
42356.0,2015,12,18,199.72,7.44
42357.0,2015,12,19,199.73,7.45
42358.0,2015,12,20,199.68,7.45
42359.0,2015,12,21,199.45,7.45
42360.0,2015,12,22,199.62,7.45
42361.0,2015,12,23,199.58,7.45
42362.0,2015,12,24,199.54,7.45
42363.0,2015,12,25,199.44,7.44
42364.0,2015,12,26,199.35,7.45
42365.0,2015,12,27,199.32,7.46
42366.0,2015,12,28,199.52,7.44
42367.0,2015,12,29,199.52,7.43
42368.0,2015,12,30,199.64,7.43
42369.0,2015,12,31,199.63,7.41
42370.0,2016,1,1,199.53,7.41
42371.0,2016,1,2,199.67,7.39
42372.0,2016,1,3,199.58,7.38
42373.0,2016,1,4,199.67,7.36
42374.0,2016,1,5,199.69,7.34
42375.0,2016,1,6,199.69,7.32
42376.0,2016,1,7,199.69,7.3
42377.0,2016,1,8,199.64,7.3
42378.0,2016,1,9,199.64,7.28
42379.0,2016,1,10,199.45,7.28
42380.0,2016,1,11,199.48,7.28
42381.0,2016,1,12,199.67,7.24
42382.0,2016,1,13,199.73,7.22
42383.0,2016,1,14,199.74,7.21
42384.0,2016,1,15,199.72,7.19
42385.0,2016,1,16,199.65,7.19
42386.0,2016,1,17,199.55,7.18
42387.0,2016,1,18,199.59,7.17
42388.0,2016,1,19,199.69,7.15
42389.0,2016,1,20,199.69,7.14
42390.0,2016,1,21,199.67,7.13
42391.0,2016,1,22,199.66,7.11
42392.0,2016,1,23,199.62,7.11
42393.0,2016,1,24,199.54,7.1
42394.0,2016,1,25,199.44,7.1
42395.0,2016,1,26,199.61,7.09
42396.0,2016,1,27,199.64,7.07
42397.0,2016,1,28,199.64,7.07
42398.0,2016,1,29,199.66,7.06
42399.0,2016,1,30,199.49,7.05
42400.0,2016,1,31,199.62,7.05
42401.0,2016,2,1,199.49,7.04
42402.0,2016,2,2,199.61,7.03
42403.0,2016,2,3,199.64,7.02
42404.0,2016,2,4,199.69,7.01
42405.0,2016,2,5,199.66,7.0
42406.0,2016,2,6,199.62,6.98
42407.0,2016,2,7,199.61,6.97
42408.0,2016,2,8,199.59,6.96
42409.0,2016,2,9,199.71,6.96
42410.0,2016,2,10,199.73,6.93
42411.0,2016,2,11,199.73,6.92
42412.0,2016,2,12,199.68,6.92
42413.0,2016,2,13,199.65,6.91
42414.0,2016,2,14,199.52,6.92
42415.0,2016,2,15,199.53,6.88
42416.0,2016,2,16,199.64,6.89
42417.0,2016,2,17,199.67,6.88
42418.0,2016,2,18,199.66,6.85
42419.0,2016,2,19,199.6,6.84
42420.0,2016,2,20,199.57,6.84
42421.0,2016,2,21,199.59,6.84
42422.0,2016,2,22,199.55,6.83
42423.0,2016,2,23,199.68,6.81
42424.0,2016,2,24,199.7,6.8
42425.0,2016,2,25,199.77,6.77
42426.0,2016,2,26,199.78,6.76
42427.0,2016,2,27,199.7,6.72
42428.0,2016,2,28,199.67,6.76
42429.0,2016,2,29,199.68,6.74
42430.0,2016,3,1,199.8,6.73
42431.0,2016,3,2,199.81,6.72
42432.0,2016,3,3,199.8,6.7
42433.0,2016,3,4,199.75,6.68
42434.0,2016,3,5,199.7,6.66
42435.0,2016,3,6,199.55,6.7
42436.0,2016,3,7,199.53,6.66
42437.0,2016,3,8,199.68,6.65
42438.0,2016,3,9,199.69,6.62
42439.0,2016,3,10,199.71,6.64
42440.0,2016,3,11,199.7,6.61
42441.0,2016,3,12,199.66,6.62
42442.0,2016,3,13,199.66,6.61
42443.0,2016,3,14,199.66,6.57
42444.0,2016,3,15,199.78,6.56
42445.0,2016,3,16,199.8,6.53
42446.0,2016,3,17,199.81,6.52
42447.0,2016,3,18,199.81,6.54
42448.0,2016,3,19,199.75,6.51
42449.0,2016,3,20,199.68,6.5
42450.0,2016,3,21,199.63,6.49
42451.0,2016,3,22,199.76,6.53
42452.0,2016,3,23,199.77,6.46
42453.0,2016,3,24,199.75,6.45
42454.0,2016,3,25,199.74,6.47
42455.0,2016,3,26,199.54,6.45
42456.0,2016,3,27,199.41,6.41
42457.0,2016,3,28,199.53,6.44
42458.0,2016,3,29,199.69,6.41
42459.0,2016,3,30,199.78,6.35
42460.0,2016,3,31,199.82,6.36
42461.0,2016,4,1,199.82,6.37
42462.0,2016,4,2,199.72,6.38
42463.0,2016,4,3,199.81,6.34
42464.0,2016,4,4,199.62,6.36
42465.0,2016,4,5,199.77,6.36
42466.0,2016,4,6,199.77,6.29
42467.0,2016,4,7,199.79,6.33
42468.0,2016,4,8,199.81,6.33
42469.0,2016,4,9,199.7,6.31
42470.0,2016,4,10,199.77,6.26
42471.0,2016,4,11,199.63,6.29
42472.0,2016,4,12,199.79,6.33
42473.0,2016,4,13,199.81,6.24
42474.0,2016,4,14,199.82,6.26
42475.0,2016,4,15,199.79,6.27
42476.0,2016,4,16,199.72,6.26
42477.0,2016,4,17,199.63,6.22
42478.0,2016,4,18,199.54,6.26
42479.0,2016,4,19,199.72,6.23
42480.0,2016,4,20,199.75,6.19
42481.0,2016,4,21,199.77,6.21
42482.0,2016,4,22,199.76,6.18
42483.0,2016,4,23,199.61,6.17
42484.0,2016,4,24,199.7,6.23
42485.0,2016,4,25,199.71,6.22
42486.0,2016,4,26,199.72,6.25
42487.0,2016,4,27,199.72,6.19
42488.0,2016,4,28,199.71,6.2
42489.0,2016,4,29,199.68,6.22
42490.0,2016,4,30,199.65,6.22
42491.0,2016,5,1,199.42,6.19
42492.0,2016,5,2,199.49,6.22
42493.0,2016,5,3,199.65,6.17
42494.0,2016,5,4,199.68,6.2
42495.0,2016,5,5,199.67,6.13
42496.0,2016,5,6,199.67,6.18
42497.0,2016,5,7,199.58,6.15
42498.0,2016,5,8,199.51,6.2
42499.0,2016,5,9,199.51,6.22
42500.0,2016,5,10,199.65,6.2
42501.0,2016,5,11,199.67,6.22
42502.0,2016,5,12,199.66,6.18
42503.0,2016,5,13,199.65,6.16
42504.0,2016,5,14,199.58,6.17
42505.0,2016,5,15,199.46,6.23
42506.0,2016,5,16,199.51,6.22
42507.0,2016,5,17,199.64,6.21
42508.0,2016,5,18,199.66,6.19
42509.0,2016,5,19,199.65,6.2
42510.0,2016,5,20,199.55,6.18
42511.0,2016,5,21,199.52,6.21
42512.0,2016,5,22,199.49,6.23
42513.0,2016,5,23,199.51,6.18
42514.0,2016,5,24,199.44,6.24
42515.0,2016,5,25,199.59,6.19
42516.0,2016,5,26,199.58,6.23
42517.0,2016,5,27,199.58,6.23
42518.0,2016,5,28,199.52,6.19
42519.0,2016,5,29,199.33,6.26
42520.0,2016,5,30,199.35,6.25
42521.0,2016,5,31,199.49,6.24
42522.0,2016,6,1,199.49,6.24
42523.0,2016,6,2,199.48,6.23
42524.0,2016,6,3,199.43,6.26
42525.0,2016,6,4,199.35,6.2
42526.0,2016,6,5,199.21,6.24
42527.0,2016,6,6,199.28,6.25
42528.0,2016,6,7,199.44,6.27
42529.0,2016,6,8,199.49,6.29
42530.0,2016,6,9,199.51,6.28
42531.0,2016,6,10,199.49,6.28
42532.0,2016,6,11,199.38,6.3
42533.0,2016,6,12,199.36,6.23
42534.0,2016,6,13,199.35,6.3
42535.0,2016,6,14,199.51,6.32
42536.0,2016,6,15,199.54,6.31
42537.0,2016,6,16,199.54,6.32
42538.0,2016,6,17,199.52,6.32
42539.0,2016,6,18,199.36,6.29
42540.0,2016,6,19,199.39,6.31
42541.0,2016,6,20,199.28,6.34
42542.0,2016,6,21,199.41,6.32
42543.0,2016,6,22,199.39,6.32
42544.0,2016,6,23,199.34,6.35
42545.0,2016,6,24,199.28,6.35
42546.0,2016,6,25,199.16,6.35
42547.0,2016,6,26,199.13,6.35
42548.0,2016,6,27,199.15,6.36
42549.0,2016,6,28,199.26,6.37
42550.0,2016,6,29,199.26,6.35
42551.0,2016,6,30,199.25,6.33
42552.0,2016,7,1,199.15,6.37
42553.0,2016,7,2,199.17,6.35
42554.0,2016,7,3,199.21,6.38
42555.0,2016,7,4,199.1,6.4
42556.0,2016,7,5,199.25,6.39
42557.0,2016,7,6,199.25,6.38
42558.0,2016,7,7,199.23,6.37
42559.0,2016,7,8,199.12,6.42
42560.0,2016,7,9,199.06,6.41
42561.0,2016,7,10,199.09,6.39
42562.0,2016,7,11,198.97,6.43
42563.0,2016,7,12,199.15,6.41
42564.0,2016,7,13,199.18,6.41
42565.0,2016,7,14,199.18,6.43
42566.0,2016,7,15,199.1,6.44
42567.0,2016,7,16,199.04,6.43
42568.0,2016,7,17,199.05,6.42
42569.0,2016,7,18,198.85,6.43
42570.0,2016,7,19,199.08,6.45
42571.0,2016,7,20,199.1,6.43
42572.0,2016,7,21,199.12,6.46
42573.0,2016,7,22,199.09,6.44
42574.0,2016,7,23,198.94,6.45
42575.0,2016,7,24,198.91,6.45
42576.0,2016,7,25,198.93,6.47
42577.0,2016,7,26,198.94,6.47
42578.0,2016,7,27,198.83,6.47
42579.0,2016,7,28,199.0,6.49
42580.0,2016,7,29,198.9,6.48
42581.0,2016,7,30,198.78,6.49
42582.0,2016,7,31,198.74,6.5
42583.0,2016,8,1,198.72,6.49
42584.0,2016,8,2,198.79,6.51
42585.0,2016,8,3,198.79,6.51
42586.0,2016,8,4,198.8,6.51
42587.0,2016,8,5,198.69,6.52
42588.0,2016,8,6,198.73,6.52
42589.0,2016,8,7,198.69,6.54
42590.0,2016,8,8,198.69,6.53
42591.0,2016,8,9,198.78,6.55
42592.0,2016,8,10,198.79,6.55
42593.0,2016,8,11,198.78,6.55
42594.0,2016,8,12,198.7,6.56
42595.0,2016,8,13,198.62,6.56
42596.0,2016,8,14,198.68,6.57
42597.0,2016,8,15,198.75,6.57
42598.0,2016,8,16,198.81,6.58
42599.0,2016,8,17,199.0,6.58
42600.0,2016,8,18,198.98,6.59
42601.0,2016,8,19,199.06,6.6
42602.0,2016,8,20,199.14,6.6
42603.0,2016,8,21,199.2,6.61
42604.0,2016,8,22,199.17,6.61
42605.0,2016,8,23,199.3,6.61
42606.0,2016,8,24,199.34,6.62
42607.0,2016,8,25,199.36,6.62
42608.0,2016,8,26,199.35,6.63
42609.0,2016,8,27,199.21,6.64
42610.0,2016,8,28,199.17,6.64
42611.0,2016,8,29,199.11,6.64
42612.0,2016,8,30,199.27,6.65
42613.0,2016,8,31,199.3,6.65
42614.0,2016,9,1,199.32,6.66
42615.0,2016,9,2,199.29,6.66
42616.0,2016,9,3,199.26,6.67
42617.0,2016,9,4,199.23,6.67
42618.0,2016,9,5,199.17,6.68
42619.0,2016,9,6,199.13,6.68
42620.0,2016,9,7,199.25,6.69
42621.0,2016,9,8,199.26,6.7
42622.0,2016,9,9,199.22,6.71
42623.0,2016,9,10,199.14,6.72
42624.0,2016,9,11,199.07,6.72
42625.0,2016,9,12,199.04,6.73
42626.0,2016,9,13,199.22,6.74
42627.0,2016,9,14,199.26,6.76
42628.0,2016,9,15,199.26,6.77
42629.0,2016,9,16,199.24,6.78
42630.0,2016,9,17,199.14,6.79
42631.0,2016,9,18,199.11,6.79
42632.0,2016,9,19,199.04,6.81
42633.0,2016,9,20,199.24,6.82
42634.0,2016,9,21,199.27,6.83
42635.0,2016,9,22,199.34,6.84
42636.0,2016,9,23,199.33,6.85
42637.0,2016,9,24,199.28,6.86
42638.0,2016,9,25,199.22,6.87
42639.0,2016,9,26,199.23,6.88
42640.0,2016,9,27,199.36,6.89
42641.0,2016,9,28,199.36,6.91
42642.0,2016,9,29,199.34,6.92
42643.0,2016,9,30,199.28,6.94
42644.0,2016,10,1,199.28,6.95
42645.0,2016,10,2,199.26,6.96
42646.0,2016,10,3,199.18,6.97
42647.0,2016,10,4,199.28,6.98
42648.0,2016,10,5,199.28,6.99
42649.0,2016,10,6,199.29,7.01
42650.0,2016,10,7,199.23,7.02
42651.0,2016,10,8,199.03,7.03
42652.0,2016,10,9,199.01,7.05
42653.0,2016,10,10,199.01,7.05
42654.0,2016,10,11,199.01,7.06
42655.0,2016,10,12,199.19,7.07
42656.0,2016,10,13,199.21,7.09
42657.0,2016,10,14,199.17,7.11
42658.0,2016,10,15,199.11,7.12
42659.0,2016,10,16,199.06,7.13
42660.0,2016,10,17,199.02,7.14
42661.0,2016,10,18,199.19,7.15
42662.0,2016,10,19,199.23,7.17
42663.0,2016,10,20,199.23,7.18
42664.0,2016,10,21,199.25,7.19
42665.0,2016,10,22,199.26,7.19
42666.0,2016,10,23,199.38,7.2
42667.0,2016,10,24,199.5,7.22
42668.0,2016,10,25,199.56,7.23
42669.0,2016,10,26,199.59,7.25
42670.0,2016,10,27,199.61,7.26
42671.0,2016,10,28,199.54,7.28
42672.0,2016,10,29,199.52,7.29
42673.0,2016,10,30,199.54,7.3
42674.0,2016,10,31,199.42,7.3
42675.0,2016,11,1,199.55,7.32
42676.0,2016,11,2,199.57,7.33
42677.0,2016,11,3,199.56,7.35
42678.0,2016,11,4,199.54,7.36
42679.0,2016,11,5,199.51,7.37
42680.0,2016,11,6,199.47,7.38
42681.0,2016,11,7,199.39,7.38
42682.0,2016,11,8,199.53,7.4
42683.0,2016,11,9,199.56,7.41
42684.0,2016,11,10,199.55,7.42
42685.0,2016,11,11,199.52,7.44
42686.0,2016,11,12,199.44,7.45
42687.0,2016,11,13,199.42,7.46
42688.0,2016,11,14,199.31,7.46
42689.0,2016,11,15,199.45,7.48
42690.0,2016,11,16,199.47,7.49
42691.0,2016,11,17,199.49,7.5
42692.0,2016,11,18,199.46,7.51
42693.0,2016,11,19,199.46,7.51
42694.0,2016,11,20,199.42,7.52
42695.0,2016,11,21,199.42,7.52
42696.0,2016,11,22,199.63,7.53
42697.0,2016,11,23,199.64,7.55
42698.0,2016,11,24,199.63,7.56
42699.0,2016,11,25,199.6,7.57
